household_id,is_farming_household,main_crop,farm_size_acres,irrigation_access,fertilizer_cost,crop_damage_recent
HH00001,Yes,Rice,3.8,No,88356,No
HH00002,Yes,Rice,2.9,No,236635,No
HH00003,Yes,Rice,0.63,No,185682,Yes
HH00004,No,None,0.0,No,0,No
HH00005,No,None,0.0,No,0,No
HH00006,Yes,Rice,0.2,Yes,167363,No
HH00007,Yes,Rice,4.01,Yes,184284,No
HH00008,Yes,Maize,6.23,No,,No
HH00009,Yes,Pulses,6.47,Yes,261130,No
HH00010,No,None,0.0,No,0,No
HH00011,No,None,0.0,No,0,No
HH00012,Yes,Maize,0.2,Yes,,No
HH00013,No,None,0.0,No,0,No
HH00014,Yes,Pulses,2.87,Yes,182570,No
HH00015,Yes,Rice,5.42,No,160896,Yes
HH00016,Yes,Maize,1.98,Yes,8421,Yes
HH00017,Yes,Rice,1.59,No,148153,No
HH00018,Yes,Rice,1.15,No,11236,No
HH00019,Yes,Maize,2.08,No,80372,Yes
HH00020,Yes,Mixed,3.95,Yes,170430,Yes
HH00021,Yes,Rice,3.42,No,227802,No
HH00022,Yes,Mixed,0.62,No,109318,No
HH00023,Yes,Maize,4.19,Yes,181815,No
HH00024,Yes,Vegetables,4.32,Yes,145227,No
HH00025,Yes,Rice,0.63,No,31856,Yes
HH00026,Yes,Pulses,4.16,No,209036,Yes
HH00027,No,None,0.0,No,0,No
HH00028,Yes,Rice,2.02,Yes,42796,Yes
HH00029,Yes,Vegetables,4.33,No,150605,Yes
HH00030,Yes,Pulses,3.0,Yes,169057,Yes
HH00031,Yes,Rice,3.96,No,160202,Yes
HH00032,Yes,Rice,3.6,No,156643,No
HH00033,Yes,Mixed,5.67,No,332419,No
HH00034,Yes,Mixed,1.77,Yes,100700,No
HH00035,Yes,Rice,3.77,Yes,94752,Yes
HH00036,Yes,Pulses,3.79,No,226677,No
HH00037,No,None,0.0,No,0,No
HH00038,Yes,Oilseed,3.94,No,279723,No
HH00039,Yes,Mixed,5.14,No,97797,Yes
HH00040,Yes,Rice,0.6,No,51413,No
HH00041,Yes,Pulses,6.25,No,128667,No
HH00042,Yes,Mixed,2.95,No,84997,Yes
HH00043,No,None,0.0,No,0,No
HH00044,Yes,Vegetables,2.65,No,95181,No
HH00045,Yes,Maize,6.14,Yes,49169,No
HH00046,No,None,0.0,No,0,No
HH00047,Yes,Oilseed,4.62,Yes,221325,No
HH00048,Yes,Pulses,5.81,No,96354,No
HH00049,Yes,Pulses,3.19,Yes,135912,No
HH00050,Yes,Mixed,3.49,No,175869,Yes
HH00051,No,None,0.0,No,,No
HH00052,Yes,Rice,4.72,Yes,200317,No
HH00053,No,None,0.0,No,0,No
HH00054,Yes,Pulses,5.17,Yes,148490,Yes
HH00055,Yes,Rice,5.4,No,87929,No
HH00056,Yes,Rice,4.08,No,233312,No
HH00057,Yes,Rice,2.04,Yes,138560,No
HH00058,Yes,Oilseed,0.79,No,,No
HH00059,Yes,Rice,2.39,Yes,150172,No
HH00060,Yes,Rice,6.33,No,187301,No
HH00061,Yes,Rice,2.96,No,129880,No
HH00062,No,None,0.0,No,,No
HH00063,Yes,Oilseed,0.2,No,316650,No
HH00064,Yes,Rice,2.41,No,72390,Yes
HH00065,No,None,0.0,No,0,No
HH00066,Yes,Pulses,2.98,No,215780,No
HH00067,No,None,0.0,No,0,No
HH00068,No,None,0.0,No,0,No
HH00069,Yes,Rice,3.33,Yes,88309,No
HH00070,Yes,Rice,4.89,No,94948,Yes
HH00071,Yes,Pulses,4.54,No,124062,Yes
HH00072,Yes,Oilseed,5.02,No,96618,No
HH00073,Yes,Rice,6.02,Yes,122941,Yes
HH00074,Yes,Rice,3.69,No,228835,No
HH00075,No,None,0.0,No,0,No
HH00076,Yes,Vegetables,3.31,No,149366,No
HH00077,Yes,Rice,4.7,No,85147,Yes
HH00078,Yes,Rice,2.78,No,114304,No
HH00079,No,None,0.0,No,0,No
HH00080,Yes,Oilseed,0.76,Yes,96636,No
HH00081,No,None,0.0,No,0,No
HH00082,No,None,0.0,No,0,No
HH00083,Yes,Maize,2.74,Yes,108905,No
HH00084,Yes,Rice,2.74,Yes,314765,No
HH00085,Yes,Rice,4.22,No,169166,Yes
HH00086,Yes,Maize,2.0,No,151185,No
HH00087,Yes,Maize,6.67,Yes,252159,Yes
HH00088,Yes,Maize,4.84,Yes,214979,No
HH00089,No,None,0.0,No,0,No
HH00090,Yes,Pulses,2.68,No,137511,No
HH00091,Yes,Rice,4.98,No,178302,No
HH00092,Yes,Rice,0.2,No,115781,No
HH00093,Yes,Rice,5.04,No,0,No
HH00094,Yes,Mixed,4.98,Yes,192208,Yes
HH00095,Yes,Pulses,2.26,Yes,108676,Yes
HH00096,Yes,Rice,3.2,No,147774,No
HH00097,Yes,Rice,2.46,No,145602,No
HH00098,Yes,Rice,2.04,No,212106,No
HH00099,Yes,Rice,0.2,Yes,227215,No
HH00100,Yes,Mixed,5.9,Yes,132361,No
HH00101,Yes,Oilseed,2.31,No,85716,No
HH00102,Yes,Mixed,2.12,Yes,127431,No
HH00103,No,None,0.0,No,0,No
HH00104,Yes,Vegetables,6.63,No,147151,No
HH00105,Yes,Rice,4.11,No,99010,No
HH00106,No,None,0.0,No,0,No
HH00107,Yes,Oilseed,3.73,No,70760,No
HH00108,No,None,0.0,No,0,No
HH00109,Yes,Rice,0.2,No,135372,Yes
HH00110,Yes,Rice,5.81,Yes,166872,No
HH00111,Yes,Rice,4.49,Yes,92975,No
HH00112,Yes,Maize,2.01,No,165286,Yes
HH00113,No,None,0.0,No,0,No
HH00114,No,None,0.0,No,0,No
HH00115,Yes,Maize,0.56,No,76572,No
HH00116,Yes,Pulses,4.44,No,,No
HH00117,Yes,Maize,4.07,Yes,180462,Yes
HH00118,Yes,Rice,5.0,No,249036,No
HH00119,Yes,Oilseed,2.29,No,233657,Yes
HH00120,No,None,0.0,No,0,No
HH00121,Yes,Rice,1.22,Yes,102059,Yes
HH00122,Yes,Vegetables,1.7,No,95518,No
HH00123,Yes,Pulses,4.89,No,310268,No
HH00124,No,None,0.0,No,0,No
HH00125,No,None,0.0,No,0,No
HH00126,Yes,Rice,5.87,No,137236,No
HH00127,Yes,Rice,3.23,No,0,No
HH00128,No,None,0.0,No,0,No
HH00129,Yes,Mixed,6.15,Yes,82943,No
HH00130,No,None,0.0,No,0,No
HH00131,No,None,0.0,No,0,No
HH00132,Yes,Rice,4.02,No,371043,No
HH00133,Yes,Pulses,1.78,No,184678,No
HH00134,Yes,Pulses,2.81,No,200845,No
HH00135,No,None,0.0,No,0,No
HH00136,Yes,Rice,5.37,Yes,94148,Yes
HH00137,No,None,0.0,No,,No
HH00138,Yes,Rice,2.33,Yes,139572,Yes
HH00139,No,None,0.0,No,0,No
HH00140,Yes,Rice,3.1,No,188923,No
HH00141,Yes,Rice,0.97,Yes,106406,Yes
HH00142,Yes,Pulses,3.69,No,123114,Yes
HH00143,Yes,Oilseed,3.19,No,102697,Yes
HH00144,Yes,Rice,4.27,No,140422,No
HH00145,No,None,0.0,No,0,No
HH00146,Yes,Pulses,5.42,Yes,119932,No
HH00147,No,None,0.0,No,,No
HH00148,Yes,Rice,4.5,Yes,231518,Yes
HH00149,Yes,Maize,2.5,No,57539,Yes
HH00150,No,None,0.0,No,0,No
HH00151,Yes,Oilseed,4.05,No,188398,No
HH00152,No,None,0.0,No,0,No
HH00153,No,None,0.0,No,0,No
HH00154,Yes,Rice,3.97,Yes,176115,No
HH00155,No,None,0.0,No,0,No
HH00156,Yes,Vegetables,5.74,No,20448,No
HH00157,Yes,Maize,7.75,No,54491,No
HH00158,Yes,Rice,2.68,No,91228,No
HH00159,No,None,0.0,No,0,No
HH00160,Yes,Rice,1.38,No,124565,No
HH00161,Yes,Rice,3.56,Yes,154266,No
HH00162,No,None,0.0,No,0,No
HH00163,Yes,Rice,5.31,No,284960,Yes
HH00164,No,None,0.0,No,0,No
HH00165,Yes,Rice,2.51,No,191907,Yes
HH00166,Yes,Rice,3.74,No,137589,Yes
HH00167,Yes,Rice,0.28,Yes,247120,No
HH00168,Yes,Rice,0.2,No,67453,Yes
HH00169,Yes,Pulses,2.17,No,191333,Yes
HH00170,Yes,Maize,2.74,No,129167,No
HH00171,No,None,0.0,No,0,No
HH00172,Yes,Maize,5.93,Yes,165013,No
HH00173,Yes,Rice,6.69,No,128670,No
HH00174,Yes,Rice,2.83,No,120294,No
HH00175,Yes,Vegetables,3.04,Yes,124730,No
HH00176,Yes,Rice,0.35,No,213284,Yes
HH00177,Yes,Oilseed,2.38,No,85013,No
HH00178,No,None,0.0,No,,No
HH00179,No,None,0.0,No,0,No
HH00180,No,None,0.0,No,0,No
HH00181,Yes,Rice,3.12,No,154002,No
HH00182,Yes,Oilseed,5.97,Yes,30757,No
HH00183,Yes,Rice,3.06,Yes,1977,No
HH00184,Yes,Rice,2.0,No,37788,No
HH00185,Yes,Rice,2.83,No,149046,No
HH00186,No,None,0.0,No,0,No
HH00187,Yes,Rice,0.97,No,259712,No
HH00188,Yes,Rice,2.41,Yes,137273,No
HH00189,Yes,Rice,2.81,Yes,113236,No
HH00190,No,None,0.0,No,0,No
HH00191,Yes,Rice,3.86,Yes,152174,No
HH00192,No,None,0.0,No,0,No
HH00193,Yes,Oilseed,1.19,No,218949,Yes
HH00194,Yes,Maize,1.2,No,272925,No
HH00195,No,None,0.0,No,0,No
HH00196,Yes,Mixed,2.6,No,196079,No
HH00197,Yes,Mixed,3.86,Yes,189050,No
HH00198,Yes,Maize,2.93,No,113437,No
HH00199,Yes,Maize,5.02,No,241630,No
HH00200,Yes,Pulses,2.51,No,,No
HH00201,No,None,0.0,No,0,No
HH00202,No,None,0.0,No,0,No
HH00203,Yes,Rice,3.82,No,314035,Yes
HH00204,Yes,Rice,2.01,Yes,157006,Yes
HH00205,Yes,Maize,5.64,No,216456,Yes
HH00206,Yes,Oilseed,6.32,Yes,4829,No
HH00207,Yes,Mixed,3.75,Yes,241534,No
HH00208,Yes,Vegetables,4.59,Yes,111336,No
HH00209,No,None,0.0,No,0,No
HH00210,Yes,Mixed,2.3,No,174896,No
HH00211,Yes,Vegetables,4.98,No,291395,No
HH00212,No,None,0.0,No,0,No
HH00213,Yes,Pulses,4.07,No,189924,Yes
HH00214,Yes,Mixed,7.23,No,205645,Yes
HH00215,Yes,Pulses,3.07,No,135987,Yes
HH00216,Yes,Mixed,4.57,Yes,136596,Yes
HH00217,Yes,Rice,3.71,No,127574,No
HH00218,Yes,Rice,0.2,Yes,23692,Yes
HH00219,Yes,Rice,4.6,No,217755,No
HH00220,Yes,Rice,0.59,Yes,263138,No
HH00221,Yes,Rice,2.69,No,163092,No
HH00222,Yes,Mixed,0.3,Yes,16067,No
HH00223,Yes,Pulses,0.92,Yes,189156,No
HH00224,Yes,Maize,4.08,No,186344,Yes
HH00225,Yes,Rice,3.48,Yes,49034,No
HH00226,Yes,Maize,1.26,Yes,180503,Yes
HH00227,Yes,Rice,2.54,No,163546,No
HH00228,Yes,Maize,2.23,Yes,217408,No
HH00229,Yes,Rice,4.93,No,245804,No
HH00230,Yes,Mixed,4.1,Yes,247932,Yes
HH00231,No,None,0.0,No,0,No
HH00232,Yes,Rice,3.13,Yes,52890,No
HH00233,Yes,Rice,3.25,Yes,146896,No
HH00234,Yes,Rice,2.8,No,177455,No
HH00235,Yes,Rice,4.26,Yes,240895,Yes
HH00236,Yes,Rice,4.28,No,105495,No
HH00237,Yes,Pulses,3.69,Yes,100297,Yes
HH00238,Yes,Oilseed,1.27,No,79844,No
HH00239,No,None,0.0,No,0,No
HH00240,Yes,Rice,3.46,Yes,290086,No
HH00241,No,None,0.0,No,0,No
HH00242,Yes,Oilseed,5.73,No,206006,No
HH00243,Yes,Oilseed,4.37,No,109055,Yes
HH00244,Yes,Mixed,1.14,No,106054,No
HH00245,Yes,Oilseed,4.63,No,154259,Yes
HH00246,Yes,Rice,0.2,No,92151,No
HH00247,Yes,Rice,2.87,No,159928,Yes
HH00248,Yes,Rice,4.2,No,198476,No
HH00249,Yes,Rice,1.15,Yes,129950,No
HH00250,Yes,Rice,1.69,No,65671,No
HH00251,Yes,Rice,2.35,Yes,138947,No
HH00252,Yes,Vegetables,4.11,Yes,166941,Yes
HH00253,No,None,0.0,No,0,No
HH00254,Yes,Oilseed,2.45,Yes,154288,No
HH00255,No,None,0.0,No,0,No
HH00256,Yes,Maize,3.89,Yes,273840,No
HH00257,Yes,Oilseed,3.23,No,16915,No
HH00258,Yes,Rice,0.2,Yes,93402,Yes
HH00259,Yes,Rice,3.71,No,168552,No
HH00260,Yes,Maize,2.67,Yes,174754,No
HH00261,Yes,Rice,0.21,No,103402,No
HH00262,Yes,Maize,1.84,No,182398,Yes
HH00263,Yes,Rice,1.88,Yes,113437,No
HH00264,Yes,Pulses,2.07,Yes,206060,No
HH00265,Yes,Oilseed,5.46,No,82462,No
HH00266,Yes,Rice,1.86,Yes,119307,Yes
HH00267,No,None,0.0,No,0,No
HH00268,Yes,Mixed,3.55,Yes,256172,No
HH00269,Yes,Rice,5.45,Yes,160143,Yes
HH00270,Yes,Rice,1.21,Yes,114416,No
HH00271,Yes,Pulses,1.03,Yes,186501,No
HH00272,No,None,0.0,No,0,No
HH00273,Yes,Rice,2.55,Yes,282143,No
HH00274,Yes,Rice,1.58,No,256997,No
HH00275,Yes,Rice,1.57,No,246655,No
HH00276,Yes,Maize,2.39,Yes,22509,Yes
HH00277,Yes,Rice,6.16,Yes,,No
HH00278,Yes,Rice,1.29,Yes,156804,No
HH00279,Yes,Pulses,5.2,No,17441,No
HH00280,Yes,Rice,3.58,Yes,254579,Yes
HH00281,No,None,0.0,No,0,No
HH00282,No,None,0.0,No,0,No
HH00283,Yes,Oilseed,5.63,No,146241,No
HH00284,Yes,Rice,4.12,No,77128,No
HH00285,Yes,Oilseed,1.06,No,115489,Yes
HH00286,Yes,Maize,6.02,Yes,186143,No
HH00287,Yes,Oilseed,4.15,No,213921,Yes
HH00288,Yes,Rice,0.2,Yes,44900,No
HH00289,Yes,Maize,4.24,No,133198,No
HH00290,Yes,Mixed,3.99,Yes,240769,No
HH00291,Yes,Rice,4.53,No,139149,No
HH00292,Yes,Maize,1.63,No,175679,Yes
HH00293,Yes,Rice,3.83,No,73716,Yes
HH00294,Yes,Mixed,1.5,No,42665,Yes
HH00295,No,None,0.0,No,0,No
HH00296,Yes,Rice,4.19,No,210783,No
HH00297,Yes,Pulses,1.16,No,90301,No
HH00298,No,None,0.0,No,0,No
HH00299,Yes,Pulses,6.18,Yes,288846,No
HH00300,No,None,0.0,No,0,No
HH00301,No,None,0.0,No,0,No
HH00302,No,None,0.0,No,0,No
HH00303,No,None,0.0,No,0,No
HH00304,Yes,Rice,2.17,Yes,315069,No
HH00305,Yes,Maize,2.44,Yes,170639,No
HH00306,No,None,0.0,No,0,No
HH00307,No,None,0.0,No,0,No
HH00308,Yes,Rice,4.28,No,53566,No
HH00309,Yes,Rice,2.0,Yes,123950,Yes
HH00310,Yes,Mixed,4.97,No,143803,No
HH00311,No,None,0.0,No,0,No
HH00312,Yes,Pulses,3.57,No,219360,No
HH00313,Yes,Rice,2.09,Yes,165468,No
HH00314,Yes,Rice,1.84,No,215493,Yes
HH00315,Yes,Pulses,4.28,No,67422,Yes
HH00316,No,None,0.0,No,0,No
HH00317,Yes,Mixed,3.28,No,159183,No
HH00318,Yes,Oilseed,1.86,No,135379,Yes
HH00319,Yes,Rice,4.03,No,177780,No
HH00320,No,None,0.0,No,0,No
HH00321,Yes,Rice,5.9,No,130437,No
HH00322,Yes,Oilseed,4.78,No,141830,Yes
HH00323,Yes,Mixed,4.39,No,0,No
HH00324,No,None,0.0,No,0,No
HH00325,Yes,Rice,1.59,No,123764,No
HH00326,Yes,Vegetables,1.16,No,126104,No
HH00327,Yes,Vegetables,2.76,No,162565,No
HH00328,No,None,0.0,No,0,No
HH00329,Yes,Rice,2.66,No,113428,No
HH00330,Yes,Oilseed,0.2,Yes,91896,No
HH00331,No,None,0.0,No,0,No
HH00332,No,None,0.0,No,0,No
HH00333,Yes,Oilseed,3.88,Yes,247819,No
HH00334,Yes,Pulses,4.95,Yes,144045,No
HH00335,Yes,Maize,0.2,No,178032,No
HH00336,Yes,Rice,4.29,Yes,197248,No
HH00337,Yes,Rice,4.35,No,175339,No
HH00338,Yes,Mixed,5.1,No,199205,Yes
HH00339,Yes,Rice,3.8,No,254651,No
HH00340,Yes,Maize,6.15,No,191449,No
HH00341,No,None,0.0,No,0,No
HH00342,Yes,Rice,4.19,Yes,200450,No
HH00343,No,None,0.0,No,0,No
HH00344,Yes,Rice,4.34,No,208259,No
HH00345,Yes,Maize,5.55,Yes,147917,No
HH00346,Yes,Oilseed,5.79,Yes,231974,No
HH00347,Yes,Maize,3.22,No,91022,No
HH00348,Yes,Maize,2.15,No,186666,No
HH00349,Yes,Maize,5.98,No,199687,Yes
HH00350,Yes,Oilseed,1.22,No,159557,No
HH00351,Yes,Rice,3.66,Yes,154462,No
HH00352,Yes,Rice,2.48,Yes,68807,Yes
HH00353,Yes,Rice,1.17,Yes,88525,No
HH00354,Yes,Rice,2.45,No,329167,Yes
HH00355,Yes,Oilseed,4.33,No,38402,No
HH00356,Yes,Maize,2.42,No,213754,No
HH00357,Yes,Rice,0.43,No,166065,Yes
HH00358,Yes,Oilseed,2.67,No,132773,No
HH00359,No,None,0.0,No,0,No
HH00360,Yes,Pulses,0.68,Yes,37233,Yes
HH00361,Yes,Oilseed,0.54,Yes,151802,No
HH00362,Yes,Oilseed,1.41,No,101116,Yes
HH00363,Yes,Rice,4.17,Yes,0,No
HH00364,Yes,Rice,2.42,Yes,125356,No
HH00365,Yes,Oilseed,1.69,Yes,147482,No
HH00366,Yes,Vegetables,5.29,Yes,126192,No
HH00367,No,None,0.0,No,0,No
HH00368,Yes,Rice,2.09,No,77846,No
HH00369,Yes,Rice,1.49,No,168974,No
HH00370,No,None,0.0,No,0,No
HH00371,Yes,Maize,3.41,No,252038,Yes
HH00372,Yes,Maize,2.22,No,166641,No
HH00373,Yes,Maize,3.22,No,,Yes
HH00374,Yes,Rice,0.68,No,86932,Yes
HH00375,No,None,0.0,No,0,No
HH00376,Yes,Rice,2.31,No,203054,No
HH00377,Yes,Rice,2.49,Yes,117926,No
HH00378,Yes,Maize,4.05,Yes,238413,No
HH00379,Yes,Pulses,4.76,No,132710,No
HH00380,Yes,Pulses,2.68,No,242856,No
HH00381,Yes,Pulses,4.15,Yes,188491,No
HH00382,Yes,Oilseed,3.94,No,276725,No
HH00383,Yes,Maize,0.73,No,114762,No
HH00384,No,None,0.0,No,0,No
HH00385,No,None,0.0,No,0,No
HH00386,No,None,0.0,No,0,No
HH00387,Yes,Rice,3.23,No,83057,Yes
HH00388,No,None,0.0,No,0,No
HH00389,No,None,0.0,No,0,No
HH00390,Yes,Rice,0.77,Yes,210253,No
HH00391,Yes,Rice,4.74,No,,No
HH00392,Yes,Rice,5.28,Yes,66405,No
HH00393,No,None,0.0,No,0,No
HH00394,No,None,0.0,No,0,No
HH00395,No,None,0.0,No,0,No
HH00396,Yes,Vegetables,1.96,Yes,36976,No
HH00397,No,None,0.0,No,0,No
HH00398,Yes,Pulses,3.43,Yes,40458,No
HH00399,Yes,Rice,1.31,Yes,211955,No
HH00400,Yes,Rice,2.81,No,292391,No
HH00401,No,None,0.0,No,0,No
HH00402,No,None,0.0,No,0,No
HH00403,Yes,Pulses,5.22,No,109742,No
HH00404,Yes,Rice,2.39,Yes,208659,No
HH00405,Yes,Mixed,4.14,Yes,75902,Yes
HH00406,Yes,Maize,2.92,No,211247,No
HH00407,No,None,0.0,No,0,No
HH00408,Yes,Mixed,3.07,No,158075,No
HH00409,Yes,Rice,1.34,No,29058,Yes
HH00410,Yes,Rice,3.57,Yes,161327,No
HH00411,Yes,Oilseed,3.23,No,90546,No
HH00412,No,None,0.0,No,0,No
HH00413,Yes,Oilseed,3.73,Yes,174073,No
HH00414,Yes,Maize,1.69,No,98874,Yes
HH00415,No,None,0.0,No,0,No
HH00416,Yes,Maize,6.16,No,283642,No
HH00417,Yes,Pulses,2.39,No,118573,No
HH00418,Yes,Oilseed,1.3,No,79622,No
HH00419,No,None,0.0,No,0,No
HH00420,Yes,Rice,2.6,Yes,134034,No
HH00421,Yes,Rice,1.88,Yes,109706,No
HH00422,Yes,Vegetables,3.6,No,271044,No
HH00423,Yes,Pulses,2.56,No,199600,No
HH00424,Yes,Pulses,0.92,Yes,211552,No
HH00425,Yes,Rice,4.45,No,164583,Yes
HH00426,Yes,Rice,3.91,Yes,,No
HH00427,Yes,Rice,0.29,No,60076,No
HH00428,Yes,Rice,1.06,No,298503,No
HH00429,Yes,Pulses,4.36,No,15563,Yes
HH00430,Yes,Maize,3.55,Yes,199504,No
HH00431,No,None,0.0,No,0,No
HH00432,Yes,Rice,3.65,Yes,249170,No
HH00433,No,None,0.0,No,0,No
HH00434,No,None,0.0,No,0,No
HH00435,No,None,0.0,No,0,No
HH00436,Yes,Mixed,1.79,No,148205,No
HH00437,Yes,Vegetables,2.74,No,92069,Yes
HH00438,Yes,Rice,2.62,Yes,85967,No
HH00439,Yes,Oilseed,3.41,Yes,40770,No
HH00440,Yes,Rice,3.66,No,59103,No
HH00441,Yes,Rice,4.94,Yes,185919,No
HH00442,Yes,Oilseed,1.37,No,229127,No
HH00443,No,None,0.0,No,0,No
HH00444,Yes,Oilseed,3.42,No,32707,No
HH00445,No,None,0.0,No,0,No
HH00446,No,None,0.0,No,0,No
HH00447,Yes,Rice,0.2,Yes,191455,No
HH00448,Yes,Pulses,3.27,No,67700,Yes
HH00449,Yes,Pulses,1.97,No,140247,No
HH00450,No,None,0.0,No,0,No
HH00451,Yes,Rice,3.39,No,84351,Yes
HH00452,Yes,Maize,4.36,Yes,96442,No
HH00453,Yes,Rice,0.27,No,146478,No
HH00454,Yes,Pulses,4.54,No,123631,Yes
HH00455,No,None,0.0,No,0,No
HH00456,No,None,0.0,No,0,No
HH00457,Yes,Rice,2.23,Yes,136322,No
HH00458,Yes,Rice,1.49,Yes,58607,Yes
HH00459,Yes,Rice,4.26,No,199196,No
HH00460,Yes,Pulses,3.31,No,182918,No
HH00461,Yes,Oilseed,2.19,No,252601,No
HH00462,Yes,Maize,4.35,Yes,37007,No
HH00463,No,None,0.0,No,0,No
HH00464,No,None,0.0,No,0,No
HH00465,Yes,Rice,2.1,No,123250,No
HH00466,Yes,Rice,1.98,Yes,186232,No
HH00467,Yes,Maize,1.63,No,303534,No
HH00468,No,None,0.0,No,0,No
HH00469,No,None,0.0,No,0,No
HH00470,Yes,Rice,5.88,No,55411,No
HH00471,Yes,Pulses,1.18,No,199837,Yes
HH00472,Yes,Rice,4.99,No,144707,No
HH00473,Yes,Vegetables,1.0,No,151786,Yes
HH00474,Yes,Pulses,3.39,No,115158,No
HH00475,Yes,Pulses,2.28,No,96323,No
HH00476,Yes,Rice,1.28,No,138372,No
HH00477,Yes,Maize,3.0,No,247110,No
HH00478,Yes,Rice,1.93,No,203255,No
HH00479,Yes,Mixed,3.02,No,202177,No
HH00480,Yes,Vegetables,3.17,No,101976,No
HH00481,Yes,Mixed,3.24,Yes,203337,No
HH00482,No,None,0.0,No,0,No
HH00483,Yes,Rice,5.41,No,49763,No
HH00484,Yes,Rice,5.65,Yes,10231,No
HH00485,Yes,Rice,5.13,No,213674,Yes
HH00486,Yes,Maize,3.91,No,253260,No
HH00487,Yes,Rice,3.54,Yes,85242,No
HH00488,Yes,Maize,2.13,Yes,95200,No
HH00489,Yes,Vegetables,3.82,Yes,296671,No
HH00490,Yes,Pulses,1.78,Yes,104093,No
HH00491,Yes,Maize,1.61,Yes,207525,No
HH00492,Yes,Rice,2.97,No,154971,No
HH00493,Yes,Rice,3.67,Yes,76210,No
HH00494,Yes,Pulses,5.85,No,287965,No
HH00495,Yes,Rice,1.77,No,187312,Yes
HH00496,Yes,Oilseed,4.42,No,208731,No
HH00497,Yes,Rice,3.85,Yes,218420,Yes
HH00498,Yes,Maize,6.03,No,202390,No
HH00499,No,None,0.0,No,,No
HH00500,Yes,Rice,0.91,No,199079,No
HH00501,Yes,Rice,1.04,No,177388,No
HH00502,No,None,0.0,No,0,No
HH00503,No,None,0.0,No,0,No
HH00504,Yes,Vegetables,3.29,No,183076,Yes
HH00505,No,None,0.0,No,0,No
HH00506,Yes,Rice,2.7,Yes,246662,Yes
HH00507,No,None,0.0,No,0,No
HH00508,Yes,Oilseed,0.56,No,222544,Yes
HH00509,Yes,Pulses,3.07,No,197797,No
HH00510,No,None,0.0,No,0,No
HH00511,Yes,Maize,4.05,No,109817,No
HH00512,No,None,0.0,No,0,No
HH00513,Yes,Vegetables,4.37,No,154432,No
HH00514,Yes,Oilseed,6.44,No,181963,No
HH00515,No,None,0.0,No,0,No
HH00516,Yes,Maize,2.64,No,146569,No
HH00517,No,None,0.0,No,0,No
HH00518,No,None,0.0,No,0,No
HH00519,Yes,Rice,6.38,No,45782,No
HH00520,Yes,Pulses,3.74,No,169022,No
HH00521,Yes,Mixed,1.73,Yes,193520,No
HH00522,Yes,Maize,4.69,No,103865,No
HH00523,Yes,Oilseed,1.99,No,141719,No
HH00524,Yes,Vegetables,0.8,Yes,81564,Yes
HH00525,No,None,0.0,No,0,No
HH00526,Yes,Rice,5.98,No,77209,No
HH00527,Yes,Oilseed,4.99,Yes,156114,No
HH00528,Yes,Maize,0.73,No,154117,No
HH00529,Yes,Rice,4.61,Yes,100654,No
HH00530,Yes,Mixed,4.76,No,84962,No
HH00531,Yes,Rice,5.1,No,103254,No
HH00532,Yes,Pulses,2.24,Yes,54030,No
HH00533,Yes,Rice,4.47,Yes,168995,No
HH00534,No,None,0.0,No,0,No
HH00535,No,None,0.0,No,0,No
HH00536,Yes,Pulses,2.41,No,276934,No
HH00537,No,None,0.0,No,0,No
HH00538,No,None,0.0,No,0,No
HH00539,Yes,Rice,0.47,No,111365,No
HH00540,No,None,0.0,No,0,No
HH00541,Yes,Rice,3.24,Yes,305117,No
HH00542,Yes,Rice,2.55,Yes,160452,No
HH00543,Yes,Rice,2.96,No,176696,No
HH00544,No,None,0.0,No,0,No
HH00545,No,None,0.0,No,0,No
HH00546,No,None,0.0,No,0,No
HH00547,No,None,0.0,No,,No
HH00548,Yes,Mixed,6.18,Yes,209077,Yes
HH00549,Yes,Maize,4.94,Yes,206562,No
HH00550,Yes,Maize,3.98,Yes,144577,Yes
HH00551,Yes,Maize,1.18,Yes,57101,No
HH00552,Yes,Rice,5.18,Yes,184742,Yes
HH00553,No,None,0.0,No,0,No
HH00554,Yes,Rice,6.77,No,174809,No
HH00555,Yes,Rice,1.82,Yes,171695,No
HH00556,No,None,0.0,No,0,No
HH00557,No,None,0.0,No,0,No
HH00558,Yes,Vegetables,6.62,No,181961,No
HH00559,Yes,Vegetables,2.86,No,199667,Yes
HH00560,Yes,Oilseed,4.68,Yes,177290,No
HH00561,Yes,Rice,0.2,Yes,89260,Yes
HH00562,Yes,Oilseed,4.03,No,234250,No
HH00563,Yes,Rice,0.96,No,220667,No
HH00564,Yes,Vegetables,2.9,No,95937,No
HH00565,Yes,Maize,2.01,No,132384,No
HH00566,Yes,Maize,4.0,Yes,237289,No
HH00567,Yes,Oilseed,2.82,No,134728,No
HH00568,Yes,Rice,3.88,Yes,155995,No
HH00569,Yes,Pulses,3.83,No,169641,Yes
HH00570,Yes,Vegetables,3.87,No,216274,No
HH00571,Yes,Pulses,1.94,No,37320,Yes
HH00572,Yes,Maize,4.64,No,156299,Yes
HH00573,No,None,0.0,No,0,No
HH00574,Yes,Maize,1.22,Yes,20787,No
HH00575,Yes,Vegetables,4.41,No,181923,No
HH00576,Yes,Rice,4.04,No,143964,No
HH00577,Yes,Rice,2.27,No,172338,No
HH00578,Yes,Oilseed,2.43,No,,Yes
HH00579,Yes,Rice,2.63,Yes,166817,Yes
HH00580,No,None,0.0,No,,No
HH00581,Yes,Pulses,3.25,Yes,214949,No
HH00582,Yes,Oilseed,4.23,No,86762,No
HH00583,Yes,Vegetables,2.83,No,78000,No
HH00584,No,None,0.0,No,0,No
HH00585,No,None,0.0,No,0,No
HH00586,Yes,Rice,0.2,No,220200,Yes
HH00587,Yes,Mixed,4.39,No,89631,No
HH00588,No,None,0.0,No,0,No
HH00589,No,None,0.0,No,0,No
HH00590,Yes,Rice,3.53,No,220072,Yes
HH00591,No,None,0.0,No,0,No
HH00592,Yes,Vegetables,5.45,No,367587,No
HH00593,Yes,Oilseed,1.3,No,48848,No
HH00594,Yes,Vegetables,3.83,No,140489,No
HH00595,Yes,Pulses,1.51,Yes,171006,No
HH00596,No,None,0.0,No,0,No
HH00597,Yes,Pulses,2.5,No,209702,No
HH00598,Yes,Mixed,0.99,No,302070,No
HH00599,Yes,Pulses,1.66,No,236774,No
HH00600,Yes,Rice,1.32,Yes,54626,Yes
HH00601,Yes,Rice,3.23,Yes,119233,No
HH00602,Yes,Rice,4.07,Yes,192045,No
HH00603,Yes,Oilseed,1.88,No,8670,No
HH00604,Yes,Rice,1.15,No,256642,No
HH00605,Yes,Vegetables,2.25,Yes,106148,No
HH00606,Yes,Rice,4.85,No,98519,Yes
HH00607,Yes,Vegetables,1.29,No,61504,Yes
HH00608,No,None,0.0,No,0,No
HH00609,Yes,Oilseed,2.3,No,223822,Yes
HH00610,Yes,Rice,2.75,No,96046,Yes
HH00611,Yes,Rice,2.08,Yes,45766,Yes
HH00612,Yes,Pulses,1.74,No,288029,No
HH00613,No,None,0.0,No,0,No
HH00614,Yes,Vegetables,4.59,No,0,No
HH00615,Yes,Maize,3.73,Yes,69930,No
HH00616,Yes,Rice,2.4,Yes,43643,Yes
HH00617,Yes,Rice,4.56,No,129301,No
HH00618,Yes,Rice,2.25,No,25032,No
HH00619,Yes,Rice,3.89,No,131841,No
HH00620,Yes,Mixed,4.79,Yes,65782,No
HH00621,Yes,Mixed,6.07,Yes,185477,No
HH00622,Yes,Pulses,4.03,Yes,162428,No
HH00623,No,None,0.0,No,0,No
HH00624,No,None,0.0,No,0,No
HH00625,Yes,Rice,5.45,No,159676,No
HH00626,Yes,Vegetables,0.55,Yes,141896,No
HH00627,Yes,Mixed,6.66,No,203612,No
HH00628,Yes,Pulses,1.9,No,183655,No
HH00629,No,None,0.0,No,0,No
HH00630,Yes,Vegetables,0.2,No,145098,No
HH00631,Yes,Rice,2.54,Yes,99207,No
HH00632,Yes,Rice,1.31,Yes,174016,No
HH00633,Yes,Pulses,3.1,No,71282,Yes
HH00634,Yes,Rice,1.6,No,156619,No
HH00635,No,None,0.0,No,0,No
HH00636,Yes,Pulses,1.81,Yes,203902,No
HH00637,Yes,Oilseed,3.91,Yes,43841,No
HH00638,No,None,0.0,No,0,No
HH00639,Yes,Rice,0.42,Yes,239804,No
HH00640,Yes,Maize,3.46,Yes,156905,No
HH00641,Yes,Rice,1.97,Yes,225368,No
HH00642,Yes,Rice,2.32,No,112477,No
HH00643,Yes,Pulses,3.37,Yes,78056,Yes
HH00644,Yes,Rice,5.5,Yes,43698,No
HH00645,Yes,Rice,3.61,No,206853,No
HH00646,Yes,Rice,2.03,Yes,140026,No
HH00647,Yes,Rice,5.64,Yes,44120,No
HH00648,No,None,0.0,No,0,No
HH00649,Yes,Mixed,3.81,No,116038,No
HH00650,Yes,Rice,0.2,No,159776,No
HH00651,No,None,0.0,No,0,No
HH00652,Yes,Rice,0.38,No,71313,No
HH00653,Yes,Mixed,3.13,No,139526,No
HH00654,Yes,Rice,3.97,Yes,110215,Yes
HH00655,Yes,Rice,0.37,No,131937,No
HH00656,No,None,0.0,No,0,No
HH00657,Yes,Rice,3.05,Yes,183752,Yes
HH00658,No,None,0.0,No,0,No
HH00659,Yes,Mixed,1.84,No,0,Yes
HH00660,Yes,Maize,4.02,No,195447,No
HH00661,Yes,Vegetables,3.76,No,0,No
HH00662,Yes,Oilseed,3.26,Yes,,No
HH00663,Yes,Maize,2.9,Yes,69596,No
HH00664,Yes,Rice,1.83,No,80348,No
HH00665,Yes,Rice,0.2,Yes,171718,No
HH00666,No,None,0.0,No,0,No
HH00667,No,None,0.0,No,0,No
HH00668,Yes,Oilseed,5.55,Yes,193210,No
HH00669,No,None,0.0,No,0,No
HH00670,Yes,Rice,0.31,Yes,246526,Yes
HH00671,Yes,Maize,4.87,No,3558,No
HH00672,Yes,Maize,6.03,No,134054,No
HH00673,Yes,Rice,4.7,Yes,352241,No
HH00674,Yes,Rice,1.41,Yes,129854,No
HH00675,Yes,Oilseed,0.59,No,91873,Yes
HH00676,No,None,0.0,No,0,No
HH00677,Yes,Vegetables,2.33,No,258055,Yes
HH00678,No,None,0.0,No,0,No
HH00679,Yes,Rice,6.5,No,252790,No
HH00680,Yes,Rice,1.3,No,204020,No
HH00681,Yes,Pulses,5.06,Yes,95288,No
HH00682,Yes,Pulses,0.84,Yes,180751,No
HH00683,Yes,Maize,0.79,No,289977,No
HH00684,Yes,Vegetables,4.34,Yes,243443,No
HH00685,Yes,Mixed,2.8,Yes,145383,No
HH00686,Yes,Mixed,4.01,No,0,Yes
HH00687,Yes,Mixed,5.54,Yes,47252,No
HH00688,Yes,Rice,0.63,No,125387,No
HH00689,No,None,0.0,No,0,No
HH00690,Yes,Rice,2.57,Yes,128256,Yes
HH00691,Yes,Pulses,4.61,Yes,219197,No
HH00692,Yes,Rice,3.31,No,153294,No
HH00693,Yes,Pulses,6.39,No,190450,No
HH00694,Yes,Rice,1.8,Yes,142441,No
HH00695,Yes,Rice,3.21,No,276035,Yes
HH00696,No,None,0.0,No,0,No
HH00697,Yes,Mixed,5.93,Yes,89147,Yes
HH00698,Yes,Oilseed,6.0,No,135306,No
HH00699,Yes,Rice,5.19,Yes,55656,No
HH00700,Yes,Pulses,2.56,No,54448,No
HH00701,Yes,Maize,4.03,No,131751,Yes
HH00702,Yes,Rice,5.13,No,82901,Yes
HH00703,Yes,Rice,3.09,No,91530,Yes
HH00704,Yes,Rice,2.01,No,91482,Yes
HH00705,Yes,Rice,3.18,No,209895,No
HH00706,Yes,Mixed,0.2,No,89806,Yes
HH00707,Yes,Rice,4.37,No,213885,No
HH00708,No,None,0.0,No,0,No
HH00709,No,None,0.0,No,0,No
HH00710,Yes,Mixed,5.02,No,118940,Yes
HH00711,Yes,Maize,0.86,No,50057,No
HH00712,Yes,Oilseed,1.89,Yes,76878,No
HH00713,No,None,0.0,No,0,No
HH00714,Yes,Maize,4.58,Yes,166243,No
HH00715,Yes,Pulses,3.24,No,172229,No
HH00716,Yes,Pulses,3.66,No,198225,No
HH00717,No,None,0.0,No,0,No
HH00718,Yes,Rice,0.76,No,130714,No
HH00719,No,None,0.0,No,0,No
HH00720,Yes,Maize,3.38,No,122372,Yes
HH00721,Yes,Pulses,3.36,No,166245,No
HH00722,Yes,Rice,0.34,No,237208,No
HH00723,Yes,Rice,0.2,No,186319,No
HH00724,Yes,Maize,2.87,No,220362,Yes
HH00725,Yes,Vegetables,1.14,Yes,120523,No
HH00726,Yes,Rice,4.36,No,149419,Yes
HH00727,Yes,Oilseed,0.42,Yes,90995,Yes
HH00728,Yes,Rice,2.87,Yes,94483,Yes
HH00729,Yes,Rice,4.01,No,171476,Yes
HH00730,Yes,Maize,2.03,No,105220,Yes
HH00731,Yes,Vegetables,4.5,No,174652,No
HH00732,No,None,0.0,No,0,No
HH00733,No,None,0.0,No,0,No
HH00734,No,None,0.0,No,0,No
HH00735,Yes,Mixed,4.48,Yes,152659,Yes
HH00736,Yes,Pulses,4.11,No,181771,Yes
HH00737,No,None,0.0,No,0,No
HH00738,Yes,Rice,1.43,Yes,15288,Yes
HH00739,Yes,Maize,3.84,Yes,260768,No
HH00740,Yes,Maize,0.78,No,199527,No
HH00741,Yes,Rice,3.93,Yes,155269,No
HH00742,Yes,Pulses,2.88,Yes,205489,No
HH00743,No,None,0.0,No,0,No
HH00744,Yes,Rice,0.2,Yes,237275,No
HH00745,Yes,Rice,4.43,No,193008,No
HH00746,Yes,Maize,2.66,Yes,126501,No
HH00747,No,None,0.0,No,0,No
HH00748,Yes,Rice,3.39,No,150654,No
HH00749,No,None,0.0,No,0,No
HH00750,Yes,Rice,1.44,Yes,240384,No
HH00751,No,None,0.0,No,0,No
HH00752,No,None,0.0,No,0,No
HH00753,Yes,Mixed,4.82,No,266402,Yes
HH00754,Yes,Pulses,3.55,Yes,256525,No
HH00755,Yes,Vegetables,2.81,No,334616,Yes
HH00756,No,None,0.0,No,0,No
HH00757,No,None,0.0,No,0,No
HH00758,Yes,Rice,4.95,No,135829,Yes
HH00759,Yes,Pulses,1.11,Yes,274735,No
HH00760,No,None,0.0,No,0,No
HH00761,No,None,0.0,No,0,No
HH00762,Yes,Pulses,2.23,No,11687,No
HH00763,No,None,0.0,No,0,No
HH00764,Yes,Vegetables,6.45,No,242151,Yes
HH00765,Yes,Oilseed,4.57,No,,Yes
HH00766,Yes,Rice,3.18,No,166217,Yes
HH00767,Yes,Rice,3.81,Yes,91205,No
HH00768,Yes,Maize,1.8,No,180104,No
HH00769,Yes,Oilseed,1.59,No,159097,No
HH00770,Yes,Vegetables,2.66,Yes,,Yes
HH00771,Yes,Pulses,2.3,No,56652,No
HH00772,Yes,Maize,0.2,No,15324,No
HH00773,No,None,0.0,No,0,No
HH00774,No,None,0.0,No,0,No
HH00775,Yes,Rice,2.1,No,206025,Yes
HH00776,No,None,0.0,No,0,No
HH00777,Yes,Mixed,5.17,No,117827,No
HH00778,Yes,Pulses,6.02,No,211217,No
HH00779,Yes,Rice,2.19,No,,No
HH00780,Yes,Oilseed,5.52,No,174786,No
HH00781,No,None,0.0,No,0,No
HH00782,Yes,Rice,5.43,No,125022,No
HH00783,Yes,Oilseed,1.86,Yes,266425,No
HH00784,Yes,Maize,4.67,Yes,246297,No
HH00785,Yes,Mixed,4.72,No,240380,Yes
HH00786,Yes,Rice,2.89,No,90089,Yes
HH00787,Yes,Pulses,4.22,No,196929,No
HH00788,Yes,Rice,3.6,Yes,271494,No
HH00789,Yes,Pulses,6.33,No,80204,Yes
HH00790,Yes,Rice,4.21,No,304496,Yes
HH00791,Yes,Oilseed,1.07,Yes,149576,No
HH00792,Yes,Rice,1.31,No,150433,No
HH00793,Yes,Rice,1.73,No,79439,No
HH00794,Yes,Maize,4.0,No,233630,No
HH00795,Yes,Oilseed,3.76,Yes,182661,No
HH00796,No,None,0.0,No,0,No
HH00797,Yes,Rice,1.26,Yes,147809,No
HH00798,No,None,0.0,No,0,No
HH00799,Yes,Mixed,1.94,No,0,No
HH00800,Yes,Maize,3.84,Yes,228660,No
HH00801,Yes,Rice,2.44,Yes,6557,No
HH00802,Yes,Mixed,4.1,No,287277,No
HH00803,Yes,Rice,2.64,No,135670,No
HH00804,Yes,Mixed,2.5,Yes,195112,No
HH00805,Yes,Oilseed,2.53,Yes,187363,Yes
HH00806,Yes,Rice,3.05,No,179208,No
HH00807,Yes,Rice,2.83,No,133963,Yes
HH00808,No,None,0.0,No,0,No
HH00809,No,None,0.0,No,0,No
HH00810,Yes,Vegetables,3.52,No,92257,Yes
HH00811,Yes,Rice,6.41,No,27274,Yes
HH00812,Yes,Rice,2.03,Yes,79446,No
HH00813,No,None,0.0,No,0,No
HH00814,Yes,Oilseed,3.3,Yes,177056,Yes
HH00815,Yes,Rice,0.61,Yes,119881,No
HH00816,No,None,0.0,No,0,No
HH00817,Yes,Rice,3.91,Yes,,No
HH00818,Yes,Maize,3.71,No,189410,No
HH00819,No,None,0.0,No,0,No
HH00820,No,None,0.0,No,0,No
HH00821,Yes,Pulses,5.34,No,161034,No
HH00822,Yes,Pulses,1.31,No,173295,No
HH00823,Yes,Pulses,2.13,No,172178,No
HH00824,Yes,Mixed,3.88,No,278768,No
HH00825,Yes,Rice,0.2,Yes,209372,No
HH00826,Yes,Maize,1.78,Yes,158370,Yes
HH00827,Yes,Pulses,3.5,Yes,226123,No
HH00828,Yes,Mixed,4.29,No,268145,No
HH00829,No,None,0.0,No,0,No
HH00830,No,None,0.0,No,0,No
HH00831,Yes,Oilseed,5.29,No,172419,No
HH00832,Yes,Vegetables,6.92,Yes,186390,No
HH00833,Yes,Maize,2.41,Yes,147158,No
HH00834,Yes,Oilseed,2.93,Yes,144574,No
HH00835,Yes,Pulses,3.91,Yes,184631,Yes
HH00836,Yes,Rice,0.2,Yes,169207,No
HH00837,Yes,Rice,1.1,Yes,175377,No
HH00838,Yes,Oilseed,1.93,No,169821,No
HH00839,Yes,Maize,2.35,Yes,289143,No
HH00840,No,None,0.0,No,0,No
HH00841,Yes,Rice,4.11,Yes,325405,No
HH00842,Yes,Rice,2.43,No,81486,No
HH00843,Yes,Maize,4.38,Yes,257682,No
HH00844,No,None,0.0,No,0,No
HH00845,Yes,Oilseed,1.75,No,273538,No
HH00846,Yes,Pulses,3.9,No,33926,No
HH00847,Yes,Rice,1.98,No,222574,Yes
HH00848,Yes,Rice,1.06,Yes,202712,No
HH00849,Yes,Oilseed,7.56,Yes,201957,No
HH00850,No,None,0.0,No,0,No
HH00851,Yes,Rice,4.35,Yes,232154,No
HH00852,Yes,Vegetables,2.2,Yes,94410,No
HH00853,Yes,Maize,1.54,Yes,253028,Yes
HH00854,Yes,Pulses,2.38,No,145298,No
HH00855,Yes,Mixed,0.91,Yes,134341,No
HH00856,Yes,Pulses,4.39,No,236070,No
HH00857,No,None,0.0,No,0,No
HH00858,Yes,Rice,4.72,Yes,,No
HH00859,No,None,0.0,No,0,No
HH00860,No,None,0.0,No,0,No
HH00861,Yes,Rice,5.5,No,79648,No
HH00862,Yes,Mixed,0.29,No,157171,No
HH00863,No,None,0.0,No,0,No
HH00864,No,None,0.0,No,0,No
HH00865,Yes,Rice,3.45,Yes,292342,No
HH00866,No,None,0.0,No,0,No
HH00867,Yes,Rice,0.52,No,182204,No
HH00868,Yes,Vegetables,3.24,No,99696,No
HH00869,Yes,Mixed,0.78,Yes,17979,No
HH00870,Yes,Rice,4.01,Yes,220417,Yes
HH00871,Yes,Rice,2.73,No,163451,Yes
HH00872,Yes,Maize,2.56,Yes,72900,Yes
HH00873,Yes,Rice,4.17,Yes,110099,No
HH00874,No,None,0.0,No,0,No
HH00875,Yes,Pulses,1.73,No,315547,No
HH00876,Yes,Pulses,2.65,No,149390,No
HH00877,Yes,Pulses,1.08,No,144897,Yes
HH00878,Yes,Mixed,0.52,No,165717,Yes
HH00879,Yes,Rice,0.2,No,182411,No
HH00880,Yes,Pulses,4.74,No,67403,No
HH00881,Yes,Pulses,3.7,Yes,35845,No
HH00882,No,None,0.0,No,0,No
HH00883,Yes,Mixed,4.59,No,186303,No
HH00884,Yes,Rice,1.23,Yes,133133,No
HH00885,No,None,0.0,No,0,No
HH00886,Yes,Vegetables,0.79,No,114961,No
HH00887,Yes,Rice,5.31,No,118929,Yes
HH00888,Yes,Rice,0.2,No,141664,No
HH00889,Yes,Pulses,2.43,Yes,276816,No
HH00890,Yes,Rice,0.82,No,265152,No
HH00891,No,None,0.0,No,0,No
HH00892,Yes,Vegetables,7.41,No,72956,No
HH00893,No,None,0.0,No,,No
HH00894,Yes,Maize,2.58,No,145314,No
HH00895,Yes,Maize,3.27,No,37402,No
HH00896,Yes,Pulses,2.31,Yes,220827,No
HH00897,Yes,Rice,0.84,No,55697,Yes
HH00898,Yes,Rice,4.69,No,238093,No
HH00899,Yes,Rice,4.49,No,113308,No
HH00900,Yes,Pulses,0.2,No,59383,No
HH00901,Yes,Rice,1.78,No,234121,No
HH00902,Yes,Pulses,3.62,No,205339,No
HH00903,Yes,Oilseed,7.2,Yes,163071,No
HH00904,Yes,Rice,3.78,No,193010,No
HH00905,Yes,Rice,4.73,No,,No
HH00906,Yes,Vegetables,1.29,Yes,160921,No
HH00907,Yes,Pulses,2.31,Yes,243123,No
HH00908,Yes,Rice,3.27,Yes,47871,Yes
HH00909,Yes,Rice,4.8,No,191840,No
HH00910,Yes,Rice,6.39,No,193133,No
HH00911,Yes,Pulses,0.2,Yes,0,No
HH00912,No,None,0.0,No,0,No
HH00913,No,None,0.0,No,0,No
HH00914,Yes,Rice,2.24,Yes,277704,No
HH00915,Yes,Rice,6.27,No,84061,Yes
HH00916,Yes,Oilseed,1.98,No,,No
HH00917,Yes,Oilseed,1.26,No,86436,No
HH00918,Yes,Mixed,1.07,No,129730,Yes
HH00919,Yes,Rice,0.2,Yes,97460,No
HH00920,Yes,Vegetables,2.86,Yes,270725,No
HH00921,Yes,Rice,3.18,Yes,96524,No
HH00922,Yes,Mixed,1.37,Yes,308529,No
HH00923,Yes,Mixed,4.25,Yes,111558,No
HH00924,No,None,0.0,No,0,No
HH00925,No,None,0.0,No,0,No
HH00926,Yes,Rice,2.4,No,100859,No
HH00927,No,None,0.0,No,0,No
HH00928,No,None,0.0,No,0,No
HH00929,Yes,Vegetables,3.21,Yes,216345,No
HH00930,Yes,Pulses,3.26,No,32555,No
HH00931,No,None,0.0,No,0,No
HH00932,Yes,Mixed,4.47,Yes,165686,No
HH00933,Yes,Rice,4.25,No,114730,No
HH00934,Yes,Mixed,3.56,Yes,10871,No
HH00935,Yes,Rice,4.45,No,251323,Yes
HH00936,Yes,Rice,2.9,No,184158,No
HH00937,No,None,0.0,No,0,No
HH00938,Yes,Maize,3.01,Yes,79550,Yes
HH00939,Yes,Rice,4.88,No,264050,Yes
HH00940,Yes,Rice,2.55,Yes,137244,Yes
HH00941,Yes,Mixed,0.71,Yes,62096,Yes
HH00942,Yes,Pulses,3.25,No,175025,No
HH00943,Yes,Rice,5.16,Yes,118785,Yes
HH00944,Yes,Maize,5.21,No,66425,No
HH00945,Yes,Maize,4.82,Yes,201652,No
HH00946,No,None,0.0,No,0,No
HH00947,No,None,0.0,No,0,No
HH00948,Yes,Pulses,5.49,No,60245,No
HH00949,Yes,Rice,2.83,No,259706,No
HH00950,Yes,Rice,3.54,No,74638,Yes
HH00951,No,None,0.0,No,0,No
HH00952,No,None,0.0,No,,No
HH00953,Yes,Maize,2.89,No,18673,No
HH00954,No,None,0.0,No,0,No
HH00955,Yes,Rice,1.79,No,133300,Yes
HH00956,Yes,Rice,0.98,Yes,223188,No
HH00957,Yes,Maize,2.45,No,85397,No
HH00958,Yes,Rice,3.79,No,170691,No
HH00959,Yes,Pulses,2.45,Yes,325800,No
HH00960,Yes,Rice,5.32,No,53363,No
HH00961,No,None,0.0,No,0,No
HH00962,No,None,0.0,No,0,No
HH00963,Yes,Vegetables,4.04,No,143103,Yes
HH00964,Yes,Rice,0.55,No,20943,Yes
HH00965,Yes,Rice,3.57,Yes,228679,No
HH00966,Yes,Vegetables,3.43,Yes,193882,Yes
HH00967,No,None,0.0,No,0,No
HH00968,Yes,Oilseed,4.94,No,94769,No
HH00969,Yes,Rice,3.93,Yes,256737,No
HH00970,No,None,0.0,No,0,No
HH00971,Yes,Mixed,4.02,Yes,296055,No
HH00972,Yes,Oilseed,4.1,No,23694,No
HH00973,Yes,Rice,3.67,No,242485,No
HH00974,No,None,0.0,No,0,No
HH00975,No,None,0.0,No,0,No
HH00976,Yes,Rice,5.59,No,135036,No
HH00977,Yes,Rice,3.48,No,160116,No
HH00978,Yes,Rice,0.2,No,124252,No
HH00979,Yes,Oilseed,4.66,Yes,203856,No
HH00980,Yes,Oilseed,5.2,No,80117,Yes
HH00981,Yes,Vegetables,4.1,No,0,No
HH00982,Yes,Rice,1.96,No,156598,No
HH00983,Yes,Pulses,3.53,No,235705,No
HH00984,Yes,Oilseed,1.33,No,97588,No
HH00985,Yes,Maize,4.71,No,149382,Yes
HH00986,Yes,Pulses,2.67,Yes,150785,Yes
HH00987,Yes,Oilseed,2.47,No,167302,Yes
HH00988,Yes,Rice,3.99,Yes,103793,No
HH00989,Yes,Rice,0.2,No,118578,No
HH00990,Yes,Rice,2.34,No,250665,No
HH00991,Yes,Rice,3.94,Yes,,Yes
HH00992,Yes,Maize,2.92,Yes,33233,No
HH00993,Yes,Rice,3.46,Yes,118699,No
HH00994,Yes,Pulses,3.68,No,103276,No
HH00995,Yes,Maize,5.41,No,148861,No
HH00996,Yes,Vegetables,2.29,No,257157,No
HH00997,Yes,Rice,0.72,No,165243,No
HH00998,Yes,Rice,1.81,Yes,198011,No
HH00999,Yes,Rice,2.12,No,131609,Yes
HH01000,No,None,0.0,No,0,No
HH01001,Yes,Pulses,2.13,No,207903,Yes
HH01002,No,None,0.0,No,0,No
HH01003,Yes,Pulses,4.07,Yes,135279,Yes
HH01004,No,None,0.0,No,0,No
HH01005,No,None,0.0,No,0,No
HH01006,Yes,Rice,2.51,No,110000,No
HH01007,Yes,Oilseed,2.79,No,121444,No
HH01008,Yes,Pulses,1.72,No,154082,No
HH01009,Yes,Rice,4.55,Yes,260337,No
HH01010,Yes,Mixed,2.23,Yes,187185,Yes
HH01011,No,None,0.0,No,0,No
HH01012,Yes,Rice,6.59,No,160980,No
HH01013,No,None,0.0,No,0,No
HH01014,No,None,0.0,No,0,No
HH01015,No,None,0.0,No,0,No
HH01016,Yes,Mixed,4.26,Yes,125439,Yes
HH01017,Yes,Rice,4.31,No,55560,Yes
HH01018,No,None,0.0,No,0,No
HH01019,Yes,Rice,4.41,Yes,129955,No
HH01020,Yes,Rice,3.92,No,122033,No
HH01021,Yes,Vegetables,3.59,No,120914,No
HH01022,Yes,Rice,1.45,Yes,207444,No
HH01023,No,None,0.0,No,0,No
HH01024,Yes,Rice,2.91,Yes,129465,No
HH01025,Yes,Oilseed,0.68,No,143562,No
HH01026,Yes,Maize,1.25,No,21953,No
HH01027,Yes,Rice,0.2,No,154887,Yes
HH01028,Yes,Rice,2.8,No,82732,No
HH01029,Yes,Rice,2.3,No,121682,No
HH01030,Yes,Rice,2.9,Yes,148428,No
HH01031,Yes,Rice,2.46,No,,Yes
HH01032,Yes,Rice,2.44,No,200611,Yes
HH01033,Yes,Pulses,3.47,Yes,265682,Yes
HH01034,Yes,Rice,1.03,Yes,492,No
HH01035,No,None,0.0,No,0,No
HH01036,No,None,0.0,No,0,No
HH01037,Yes,Rice,0.2,Yes,192295,Yes
HH01038,Yes,Pulses,4.31,Yes,191373,No
HH01039,Yes,Mixed,4.89,Yes,169887,Yes
HH01040,No,None,0.0,No,0,No
HH01041,No,None,0.0,No,0,No
HH01042,Yes,Pulses,1.09,Yes,250441,Yes
HH01043,Yes,Rice,0.2,Yes,109078,No
HH01044,Yes,Rice,5.54,Yes,306954,No
HH01045,Yes,Oilseed,4.44,No,195496,No
HH01046,No,None,0.0,No,0,No
HH01047,No,None,0.0,No,0,No
HH01048,No,None,0.0,No,0,No
HH01049,Yes,Mixed,1.24,Yes,143359,No
HH01050,Yes,Rice,2.02,No,,No
HH01051,No,None,0.0,No,0,No
HH01052,Yes,Pulses,4.94,Yes,118784,Yes
HH01053,Yes,Oilseed,3.93,Yes,120776,No
HH01054,Yes,Pulses,2.87,Yes,159664,No
HH01055,Yes,Rice,2.22,No,121598,Yes
HH01056,Yes,Rice,2.0,No,38103,Yes
HH01057,No,None,0.0,No,0,No
HH01058,Yes,Vegetables,2.27,No,90627,No
HH01059,Yes,Vegetables,1.93,Yes,304412,No
HH01060,Yes,Rice,0.2,No,104865,No
HH01061,Yes,Pulses,3.55,Yes,103729,No
HH01062,Yes,Maize,3.24,No,,No
HH01063,Yes,Rice,4.22,No,151651,No
HH01064,Yes,Pulses,1.67,No,188077,No
HH01065,Yes,Rice,2.91,No,194587,No
HH01066,Yes,Maize,3.7,Yes,41407,Yes
HH01067,Yes,Pulses,4.61,No,191213,Yes
HH01068,Yes,Vegetables,4.64,Yes,75750,Yes
HH01069,Yes,Oilseed,1.53,No,,No
HH01070,Yes,Rice,1.25,No,184030,No
HH01071,Yes,Pulses,1.94,Yes,176254,No
HH01072,Yes,Mixed,3.65,No,117412,No
HH01073,Yes,Maize,3.09,Yes,84863,No
HH01074,Yes,Oilseed,2.16,Yes,169633,No
HH01075,Yes,Rice,3.88,Yes,,Yes
HH01076,Yes,Rice,3.0,Yes,190852,No
HH01077,Yes,Pulses,3.23,Yes,123127,No
HH01078,Yes,Mixed,2.6,No,191235,No
HH01079,Yes,Oilseed,3.06,No,230073,No
HH01080,Yes,Oilseed,1.8,No,222611,No
HH01081,No,None,0.0,No,0,No
HH01082,Yes,Rice,3.5,Yes,263693,Yes
HH01083,Yes,Oilseed,0.46,Yes,44403,No
HH01084,Yes,Rice,0.2,Yes,74082,No
HH01085,Yes,Rice,3.03,No,100041,No
HH01086,No,None,0.0,No,0,No
HH01087,No,None,0.0,No,0,No
HH01088,No,None,0.0,No,0,No
HH01089,Yes,Rice,2.44,No,300258,Yes
HH01090,No,None,0.0,No,0,No
HH01091,Yes,Maize,2.6,No,146271,Yes
HH01092,No,None,0.0,No,0,No
HH01093,Yes,Maize,0.2,No,257880,No
HH01094,No,None,0.0,No,0,No
HH01095,Yes,Mixed,4.07,Yes,283934,No
HH01096,Yes,Rice,1.81,Yes,51006,No
HH01097,No,None,0.0,No,0,No
HH01098,Yes,Vegetables,0.7,Yes,152517,No
HH01099,No,None,0.0,No,0,No
HH01100,Yes,Mixed,0.2,No,130180,No
HH01101,Yes,Rice,3.99,No,158119,Yes
HH01102,Yes,Pulses,3.09,No,222425,Yes
HH01103,Yes,Mixed,4.08,No,100320,No
HH01104,Yes,Rice,5.34,No,264804,No
HH01105,Yes,Pulses,2.59,Yes,105160,No
HH01106,Yes,Rice,0.2,Yes,154415,No
HH01107,Yes,Vegetables,1.59,No,156383,Yes
HH01108,Yes,Pulses,3.82,No,177504,No
HH01109,No,None,0.0,No,0,No
HH01110,No,None,0.0,No,0,No
HH01111,Yes,Vegetables,2.71,No,83919,No
HH01112,Yes,Oilseed,1.93,No,211967,No
HH01113,Yes,Pulses,6.29,Yes,143933,No
HH01114,Yes,Pulses,1.91,Yes,148783,Yes
HH01115,No,None,0.0,No,0,No
HH01116,Yes,Rice,0.27,Yes,132321,Yes
HH01117,Yes,Rice,1.75,No,199521,No
HH01118,Yes,Pulses,0.2,No,178070,Yes
HH01119,Yes,Rice,2.93,Yes,149345,No
HH01120,No,None,0.0,No,0,No
HH01121,Yes,Maize,4.99,No,269949,No
HH01122,Yes,Oilseed,1.86,No,140180,No
HH01123,Yes,Vegetables,1.08,Yes,178363,Yes
HH01124,Yes,Oilseed,3.61,No,257502,No
HH01125,Yes,Rice,5.61,No,275341,No
HH01126,Yes,Rice,4.17,No,77262,No
HH01127,Yes,Pulses,1.85,Yes,192897,No
HH01128,Yes,Pulses,4.51,No,132570,No
HH01129,Yes,Vegetables,5.26,Yes,242675,No
HH01130,No,None,0.0,No,0,No
HH01131,Yes,Pulses,2.32,No,231095,No
HH01132,Yes,Pulses,4.22,Yes,99385,Yes
HH01133,Yes,Pulses,2.43,Yes,205790,No
HH01134,Yes,Rice,3.41,Yes,84562,No
HH01135,No,None,0.0,No,0,No
HH01136,No,None,0.0,No,0,No
HH01137,No,None,0.0,No,0,No
HH01138,Yes,Mixed,3.76,Yes,99023,No
HH01139,Yes,Rice,1.32,Yes,168365,No
HH01140,No,None,0.0,No,0,No
HH01141,Yes,Rice,2.38,Yes,93083,No
HH01142,Yes,Pulses,2.58,Yes,55856,No
HH01143,Yes,Rice,5.56,No,227027,No
HH01144,Yes,Vegetables,2.47,No,128084,No
HH01145,Yes,Rice,3.61,Yes,179736,No
HH01146,No,None,0.0,No,0,No
HH01147,Yes,Vegetables,0.2,No,106845,No
HH01148,Yes,Rice,3.71,No,228100,Yes
HH01149,No,None,0.0,No,0,No
HH01150,Yes,Pulses,2.46,No,2815,Yes
HH01151,Yes,Rice,4.51,No,224410,Yes
HH01152,Yes,Pulses,3.56,No,67776,No
HH01153,Yes,Rice,1.42,No,186922,No
HH01154,Yes,Pulses,3.38,No,199464,No
HH01155,Yes,Pulses,5.41,Yes,222409,No
HH01156,Yes,Pulses,3.87,No,181576,No
HH01157,Yes,Rice,6.71,No,0,Yes
HH01158,Yes,Oilseed,2.36,No,211070,No
HH01159,Yes,Oilseed,4.09,Yes,184100,No
HH01160,Yes,Pulses,2.41,Yes,192026,No
HH01161,Yes,Rice,2.69,No,189268,No
HH01162,Yes,Rice,1.76,No,140673,Yes
HH01163,No,None,0.0,No,0,No
HH01164,Yes,Vegetables,4.7,Yes,277790,Yes
HH01165,No,None,0.0,No,0,No
HH01166,Yes,Mixed,1.85,No,,No
HH01167,Yes,Pulses,2.24,No,195054,No
HH01168,Yes,Pulses,0.89,No,145740,Yes
HH01169,Yes,Maize,1.56,No,255829,No
HH01170,Yes,Oilseed,1.26,No,150461,Yes
HH01171,Yes,Oilseed,3.66,Yes,,No
HH01172,No,None,0.0,No,0,No
HH01173,No,None,0.0,No,0,No
HH01174,No,None,0.0,No,0,No
HH01175,Yes,Pulses,0.8,Yes,125277,Yes
HH01176,Yes,Pulses,5.51,Yes,227669,No
HH01177,Yes,Pulses,3.15,No,137473,No
HH01178,Yes,Oilseed,0.59,Yes,113692,No
HH01179,No,None,0.0,No,0,No
HH01180,Yes,Mixed,2.14,No,133444,No
HH01181,Yes,Pulses,4.37,No,95804,Yes
HH01182,Yes,Rice,4.33,No,138659,Yes
HH01183,No,None,0.0,No,0,No
HH01184,Yes,Rice,4.38,Yes,275696,No
HH01185,Yes,Rice,4.42,Yes,183469,No
HH01186,Yes,Pulses,4.75,Yes,113412,Yes
HH01187,Yes,Mixed,2.41,No,179344,No
HH01188,Yes,Rice,4.38,Yes,141832,No
HH01189,Yes,Pulses,2.29,No,205187,Yes
HH01190,Yes,Pulses,4.52,No,232697,No
HH01191,Yes,Mixed,5.94,No,209493,No
HH01192,Yes,Oilseed,3.02,Yes,153049,Yes
HH01193,Yes,Rice,4.1,No,161598,No
HH01194,Yes,Rice,5.91,No,162863,No
HH01195,Yes,Mixed,3.91,No,0,Yes
HH01196,Yes,Maize,2.6,No,145730,No
HH01197,Yes,Pulses,3.64,No,6315,No
HH01198,No,None,0.0,No,0,No
HH01199,Yes,Rice,2.63,No,125621,No
HH01200,Yes,Oilseed,0.21,Yes,292190,No
HH01201,No,None,0.0,No,0,No
HH01202,No,None,0.0,No,0,No
HH01203,Yes,Rice,0.33,No,70038,No
HH01204,Yes,Vegetables,2.85,No,278433,Yes
HH01205,Yes,Mixed,3.66,Yes,121775,No
HH01206,No,None,0.0,No,,No
HH01207,Yes,Oilseed,3.04,Yes,150758,No
HH01208,Yes,Rice,6.02,Yes,10019,No
HH01209,Yes,Rice,3.34,No,254140,No
HH01210,Yes,Rice,1.68,No,173046,Yes
HH01211,Yes,Mixed,2.92,Yes,106285,No
HH01212,No,None,0.0,No,0,No
HH01213,Yes,Pulses,2.62,Yes,89683,No
HH01214,No,None,0.0,No,0,No
HH01215,Yes,Maize,3.35,No,171594,Yes
HH01216,No,None,0.0,No,0,No
HH01217,Yes,Rice,3.44,Yes,138939,Yes
HH01218,Yes,Pulses,0.36,No,174268,No
HH01219,No,None,0.0,No,0,No
HH01220,No,None,0.0,No,0,No
HH01221,No,None,0.0,No,0,No
HH01222,No,None,0.0,No,0,No
HH01223,Yes,Rice,1.77,No,101202,No
HH01224,Yes,Oilseed,1.72,Yes,217466,Yes
HH01225,Yes,Rice,3.91,No,9117,Yes
HH01226,No,None,0.0,No,0,No
HH01227,No,None,0.0,No,0,No
HH01228,No,None,0.0,No,0,No
HH01229,No,None,0.0,No,0,No
HH01230,Yes,Oilseed,2.07,No,360684,Yes
HH01231,Yes,Pulses,2.13,No,103083,No
HH01232,Yes,Rice,3.67,Yes,88288,Yes
HH01233,Yes,Oilseed,1.3,Yes,195055,Yes
HH01234,Yes,Rice,4.74,Yes,53181,No
HH01235,Yes,Rice,4.15,Yes,144906,No
HH01236,No,None,0.0,No,0,No
HH01237,Yes,Rice,5.39,Yes,97683,Yes
HH01238,Yes,Mixed,3.09,Yes,354250,No
HH01239,No,None,0.0,No,0,No
HH01240,Yes,Pulses,1.32,Yes,237370,Yes
HH01241,Yes,Maize,4.83,No,84843,No
HH01242,Yes,Vegetables,1.88,No,140098,Yes
HH01243,Yes,Rice,3.31,Yes,247704,No
HH01244,Yes,Pulses,2.58,Yes,122490,No
HH01245,Yes,Maize,3.78,Yes,216630,No
HH01246,Yes,Pulses,3.32,Yes,212088,No
HH01247,No,None,0.0,No,0,No
HH01248,No,None,0.0,No,0,No
HH01249,Yes,Rice,5.83,No,160475,No
HH01250,No,None,0.0,No,0,No
HH01251,Yes,Mixed,2.54,Yes,116516,Yes
HH01252,Yes,Vegetables,3.98,Yes,,No
HH01253,Yes,Mixed,0.63,Yes,251636,Yes
HH01254,No,None,0.0,No,0,No
HH01255,No,None,0.0,No,0,No
HH01256,No,None,0.0,No,0,No
HH01257,Yes,Mixed,4.41,No,95510,No
HH01258,Yes,Oilseed,4.59,Yes,161319,Yes
HH01259,Yes,Oilseed,0.2,No,146976,Yes
HH01260,Yes,Rice,3.44,Yes,227019,No
HH01261,Yes,Oilseed,1.63,No,242618,No
HH01262,Yes,Oilseed,1.09,Yes,140044,No
HH01263,Yes,Pulses,4.63,Yes,81470,No
HH01264,Yes,Maize,1.65,No,185226,No
HH01265,Yes,Pulses,2.33,No,212707,Yes
HH01266,Yes,Vegetables,1.79,No,287070,Yes
HH01267,Yes,Oilseed,3.47,Yes,132462,No
HH01268,Yes,Pulses,4.58,Yes,76789,No
HH01269,Yes,Rice,5.0,No,36826,No
HH01270,Yes,Pulses,3.3,No,57532,No
HH01271,Yes,Rice,4.8,Yes,276095,No
HH01272,No,None,0.0,No,0,No
HH01273,Yes,Mixed,2.17,No,114249,Yes
HH01274,Yes,Rice,0.46,Yes,154374,No
HH01275,Yes,Pulses,5.48,No,244295,No
HH01276,Yes,Rice,1.7,Yes,173062,No
HH01277,Yes,Vegetables,4.17,Yes,55348,No
HH01278,Yes,Rice,2.96,Yes,295933,No
HH01279,No,None,0.0,No,0,No
HH01280,Yes,Rice,1.01,Yes,198082,No
HH01281,Yes,Rice,2.9,No,266491,No
HH01282,No,None,0.0,No,0,No
HH01283,Yes,Mixed,1.01,No,115503,Yes
HH01284,Yes,Rice,1.28,Yes,131319,No
HH01285,Yes,Mixed,1.04,No,177872,No
HH01286,Yes,Rice,3.48,No,78640,No
HH01287,Yes,Maize,1.21,Yes,56470,Yes
HH01288,No,None,0.0,No,0,No
HH01289,Yes,Mixed,5.48,Yes,92829,No
HH01290,No,None,0.0,No,0,No
HH01291,Yes,Oilseed,4.32,Yes,156354,Yes
HH01292,Yes,Oilseed,4.37,No,111429,No
HH01293,Yes,Rice,0.42,Yes,142461,Yes
HH01294,Yes,Maize,4.12,Yes,71413,No
HH01295,Yes,Rice,3.23,Yes,95093,No
HH01296,Yes,Rice,4.28,No,128101,No
HH01297,Yes,Oilseed,3.46,No,82036,No
HH01298,Yes,Rice,3.19,Yes,170002,Yes
HH01299,No,None,0.0,No,0,No
HH01300,Yes,Pulses,6.08,Yes,103543,No
HH01301,Yes,Rice,2.11,Yes,48027,No
HH01302,No,None,0.0,No,0,No
HH01303,Yes,Pulses,5.72,No,80637,No
HH01304,Yes,Vegetables,0.4,Yes,,Yes
HH01305,No,None,0.0,No,0,No
HH01306,Yes,Pulses,0.69,No,130228,No
HH01307,Yes,Mixed,0.94,Yes,195609,Yes
HH01308,Yes,Rice,4.77,Yes,128700,No
HH01309,Yes,Vegetables,2.31,No,135222,No
HH01310,Yes,Pulses,3.2,Yes,214696,No
HH01311,Yes,Rice,3.58,No,92312,No
HH01312,No,None,0.0,No,0,No
HH01313,Yes,Rice,5.96,Yes,0,No
HH01314,Yes,Vegetables,2.33,Yes,180765,Yes
HH01315,Yes,Rice,2.06,No,113935,Yes
HH01316,Yes,Mixed,5.12,No,177513,No
HH01317,No,None,0.0,No,0,No
HH01318,Yes,Maize,1.27,No,214927,No
HH01319,Yes,Maize,2.22,No,63963,Yes
HH01320,Yes,Oilseed,2.29,No,246312,No
HH01321,No,None,0.0,No,0,No
HH01322,Yes,Vegetables,1.16,No,209507,No
HH01323,No,None,0.0,No,0,No
HH01324,Yes,Pulses,3.32,No,121811,No
HH01325,Yes,Rice,0.53,No,34347,No
HH01326,Yes,Rice,0.6,Yes,0,No
HH01327,Yes,Mixed,4.49,No,169326,No
HH01328,Yes,Rice,3.28,No,106068,No
HH01329,Yes,Rice,4.96,No,155579,No
HH01330,Yes,Rice,1.58,No,190233,No
HH01331,Yes,Rice,5.01,No,81195,Yes
HH01332,No,None,0.0,No,0,No
HH01333,No,None,0.0,No,0,No
HH01334,Yes,Pulses,4.12,Yes,143103,No
HH01335,Yes,Vegetables,4.64,No,171459,Yes
HH01336,No,None,0.0,No,0,No
HH01337,Yes,Pulses,0.66,No,202503,No
HH01338,No,None,0.0,No,0,No
HH01339,Yes,Maize,1.88,No,170945,No
HH01340,No,None,0.0,No,0,No
HH01341,Yes,Pulses,3.41,No,185105,No
HH01342,Yes,Oilseed,0.68,Yes,224513,No
HH01343,Yes,Maize,3.19,Yes,154625,No
HH01344,Yes,Maize,3.18,No,190294,No
HH01345,Yes,Oilseed,0.2,Yes,35255,No
HH01346,No,None,0.0,No,0,No
HH01347,Yes,Rice,4.05,Yes,212482,No
HH01348,Yes,Rice,2.49,No,14607,No
HH01349,Yes,Vegetables,4.83,No,105241,No
HH01350,Yes,Vegetables,3.93,No,182051,No
HH01351,Yes,Rice,1.28,Yes,110341,No
HH01352,Yes,Maize,1.6,No,183309,No
HH01353,No,None,0.0,No,0,No
HH01354,No,None,0.0,No,0,No
HH01355,Yes,Vegetables,1.32,No,283424,No
HH01356,No,None,0.0,No,0,No
HH01357,Yes,Rice,6.15,Yes,244274,Yes
HH01358,Yes,Rice,2.78,No,127662,No
HH01359,No,None,0.0,No,0,No
HH01360,No,None,0.0,No,0,No
HH01361,Yes,Pulses,7.19,Yes,194110,No
HH01362,Yes,Rice,2.85,No,217721,No
HH01363,Yes,Rice,2.71,No,79364,No
HH01364,Yes,Pulses,2.62,No,161457,No
HH01365,Yes,Maize,2.47,No,211612,Yes
HH01366,Yes,Pulses,3.92,No,231045,Yes
HH01367,No,None,0.0,No,0,No
HH01368,Yes,Oilseed,0.34,No,175715,No
HH01369,Yes,Maize,0.32,Yes,190890,Yes
HH01370,No,None,0.0,No,0,No
HH01371,Yes,Rice,0.23,Yes,147603,No
HH01372,Yes,Oilseed,0.2,No,186850,No
HH01373,Yes,Rice,4.32,No,242568,No
HH01374,No,None,0.0,No,0,No
HH01375,No,None,0.0,No,0,No
HH01376,Yes,Pulses,2.88,Yes,186274,No
HH01377,Yes,Maize,4.48,No,128599,No
HH01378,No,None,0.0,No,0,No
HH01379,No,None,0.0,No,,No
HH01380,Yes,Pulses,5.1,Yes,134238,No
HH01381,Yes,Oilseed,3.31,No,120030,No
HH01382,No,None,0.0,No,0,No
HH01383,Yes,Rice,2.47,No,156835,No
HH01384,Yes,Maize,2.4,Yes,239267,No
HH01385,Yes,Rice,5.35,No,146675,No
HH01386,Yes,Pulses,3.64,Yes,198094,No
HH01387,Yes,Mixed,2.4,No,157857,No
HH01388,Yes,Pulses,3.08,No,115522,No
HH01389,No,None,0.0,No,0,No
HH01390,Yes,Rice,1.47,Yes,286569,No
HH01391,No,None,0.0,No,0,No
HH01392,Yes,Rice,1.74,No,270057,No
HH01393,Yes,Vegetables,3.05,No,102173,No
HH01394,No,None,0.0,No,0,No
HH01395,No,None,0.0,No,0,No
HH01396,Yes,Mixed,5.08,Yes,128455,No
HH01397,Yes,Pulses,0.9,No,213011,No
HH01398,Yes,Rice,2.49,Yes,200811,Yes
HH01399,No,None,0.0,No,,No
HH01400,Yes,Mixed,1.8,No,171155,No
HH01401,No,None,0.0,No,0,No
HH01402,Yes,Rice,3.08,Yes,95373,Yes
HH01403,Yes,Mixed,3.22,Yes,134938,Yes
HH01404,Yes,Pulses,7.12,No,235822,No
HH01405,Yes,Pulses,2.66,No,209268,Yes
HH01406,No,None,0.0,No,0,No
HH01407,Yes,Rice,2.77,Yes,146948,No
HH01408,No,None,0.0,No,0,No
HH01409,Yes,Pulses,0.95,Yes,124224,No
HH01410,Yes,Rice,3.7,No,28859,No
HH01411,No,None,0.0,No,0,No
HH01412,Yes,Pulses,3.14,No,56410,No
HH01413,Yes,Pulses,1.01,No,,No
HH01414,Yes,Rice,0.2,Yes,182789,No
HH01415,Yes,Maize,3.74,No,149140,Yes
HH01416,No,None,0.0,No,0,No
HH01417,Yes,Rice,2.65,No,89966,No
HH01418,Yes,Oilseed,2.73,Yes,0,No
HH01419,Yes,Oilseed,3.38,No,72679,No
HH01420,Yes,Rice,3.93,Yes,118681,No
HH01421,No,None,0.0,No,0,No
HH01422,No,None,0.0,No,0,No
HH01423,Yes,Pulses,5.02,No,223508,No
HH01424,Yes,Pulses,3.26,No,148456,No
HH01425,Yes,Mixed,2.03,No,231169,No
HH01426,No,None,0.0,No,0,No
HH01427,Yes,Maize,2.42,No,141847,Yes
HH01428,Yes,Mixed,2.0,Yes,235076,No
HH01429,Yes,Oilseed,2.03,No,119662,Yes
HH01430,No,None,0.0,No,0,No
HH01431,Yes,Rice,6.62,No,256931,No
HH01432,Yes,Maize,0.93,No,75162,Yes
HH01433,No,None,0.0,No,0,No
HH01434,No,None,0.0,No,0,No
HH01435,Yes,Pulses,2.84,No,188329,No
HH01436,No,None,0.0,No,0,No
HH01437,Yes,Mixed,3.84,Yes,82524,Yes
HH01438,Yes,Oilseed,0.2,No,203896,No
HH01439,Yes,Mixed,0.96,Yes,150473,Yes
HH01440,Yes,Rice,2.38,No,111812,No
HH01441,Yes,Mixed,3.43,No,65911,No
HH01442,Yes,Rice,1.4,No,107153,No
HH01443,Yes,Rice,2.03,Yes,149725,No
HH01444,Yes,Rice,4.53,No,2401,No
HH01445,Yes,Oilseed,2.05,No,90452,No
HH01446,Yes,Rice,3.06,Yes,142603,No
HH01447,Yes,Maize,6.65,Yes,104234,Yes
HH01448,Yes,Rice,0.2,Yes,118304,No
HH01449,Yes,Rice,3.09,No,86026,No
HH01450,Yes,Vegetables,5.76,No,215108,Yes
HH01451,Yes,Mixed,1.48,Yes,130231,Yes
HH01452,Yes,Maize,5.38,No,259393,No
HH01453,Yes,Mixed,2.75,Yes,103301,No
HH01454,No,None,0.0,No,0,No
HH01455,Yes,Maize,2.39,No,103272,No
HH01456,Yes,Rice,0.95,No,269546,No
HH01457,Yes,Maize,1.91,No,223991,No
HH01458,No,None,0.0,No,0,No
HH01459,Yes,Pulses,4.25,No,179637,No
HH01460,Yes,Oilseed,3.15,No,,No
HH01461,Yes,Rice,3.12,No,67675,No
HH01462,Yes,Maize,4.75,No,197628,No
HH01463,No,None,0.0,No,0,No
HH01464,Yes,Maize,2.07,No,37843,No
HH01465,Yes,Pulses,0.63,Yes,142880,Yes
HH01466,Yes,Vegetables,3.1,Yes,218014,No
HH01467,Yes,Vegetables,3.43,Yes,98099,No
HH01468,Yes,Maize,2.63,No,211197,No
HH01469,Yes,Mixed,4.12,Yes,219354,Yes
HH01470,Yes,Rice,0.28,No,240837,No
HH01471,No,None,0.0,No,0,No
HH01472,Yes,Rice,0.54,Yes,173791,Yes
HH01473,Yes,Rice,2.02,Yes,266077,Yes
HH01474,Yes,Pulses,3.14,No,83327,No
HH01475,No,None,0.0,No,0,No
HH01476,No,None,0.0,No,0,No
HH01477,Yes,Rice,4.98,No,142681,Yes
HH01478,Yes,Rice,3.72,No,98564,No
HH01479,Yes,Rice,4.51,Yes,130279,No
HH01480,Yes,Rice,2.71,No,216774,No
HH01481,No,None,0.0,No,0,No
HH01482,No,None,0.0,No,0,No
HH01483,Yes,Rice,5.0,Yes,168438,Yes
HH01484,No,None,0.0,No,0,No
HH01485,Yes,Oilseed,3.5,No,288856,Yes
HH01486,Yes,Maize,2.86,No,236340,No
HH01487,No,None,0.0,No,0,No
HH01488,Yes,Maize,3.45,No,,No
HH01489,No,None,0.0,No,,No
HH01490,Yes,Rice,4.88,Yes,147975,Yes
HH01491,Yes,Rice,2.18,No,191612,No
HH01492,Yes,Pulses,1.73,No,209927,No
HH01493,No,None,0.0,No,0,No
HH01494,Yes,Vegetables,3.17,No,83607,No
HH01495,Yes,Rice,0.74,No,128662,Yes
HH01496,Yes,Rice,4.06,Yes,105636,No
HH01497,Yes,Pulses,3.28,No,120313,No
HH01498,Yes,Maize,3.01,No,142510,Yes
HH01499,Yes,Rice,1.44,Yes,130017,No
HH01500,Yes,Oilseed,5.72,No,155125,Yes
