household_id,less_preferred_food_days,borrowed_food_days,reduced_meals_days,reduced_portion_days,adults_reduced_for_children_days,basic_needs_met
HH00001,0.0,0.0,0.0,2.0,0.0,Yes mostly
HH00002,6.0,0.0,2.0,6.0,1.0,Yes mostly
HH00003,5.0,2.0,1.0,3.0,3.0,Only some
HH00004,1.0,1.0,2.0,1.0,3.0,Yes mostly
HH00005,7.0,,5.0,3.0,1.0,Only some
HH00006,1.0,5.0,5.0,0.0,3.0,Yes fully
HH00007,1.0,1.0,1.0,0.0,3.0,Yes mostly
HH00008,4.0,3.0,3.0,3.0,1.0,Yes fully
HH00009,0.0,2.0,5.0,4.0,0.0,Yes mostly
HH00010,0.0,3.0,1.0,4.0,0.0,Only some
HH00011,4.0,3.0,2.0,0.0,4.0,Only some
HH00012,7.0,3.0,3.0,4.0,1.0,Only some
HH00013,0.0,1.0,0.0,0.0,4.0,Yes mostly
HH00014,5.0,5.0,2.0,5.0,1.0,Yes mostly
HH00015,4.0,1.0,0.0,0.0,3.0,No
HH00016,0.0,0.0,1.0,0.0,1.0,Yes fully
HH00017,1.0,0.0,0.0,3.0,3.0,Yes fully
HH00018,3.0,0.0,4.0,5.0,4.0,Yes fully
HH00019,5.0,2.0,5.0,5.0,3.0,No
HH00020,1.0,4.0,1.0,4.0,0.0,No
HH00021,3.0,0.0,0.0,1.0,2.0,Yes mostly
HH00022,,0.0,2.0,6.0,1.0,Yes fully
HH00023,5.0,3.0,0.0,,1.0,Only some
HH00024,1.0,3.0,2.0,2.0,4.0,Yes mostly
HH00025,5.0,3.0,3.0,5.0,4.0,Yes fully
HH00026,6.0,0.0,2.0,4.0,4.0,Yes mostly
HH00027,4.0,1.0,3.0,5.0,4.0,Yes mostly
HH00028,5.0,2.0,3.0,5.0,2.0,Yes mostly
HH00029,1.0,4.0,0.0,6.0,2.0,Only some
HH00030,7.0,3.0,4.0,3.0,2.0,Only some
HH00031,2.0,4.0,4.0,5.0,3.0,Only some
HH00032,1.0,3.0,0.0,1.0,0.0,Yes fully
HH00033,4.0,2.0,2.0,1.0,4.0,Yes fully
HH00034,3.0,3.0,1.0,0.0,4.0,No
HH00035,3.0,2.0,2.0,1.0,4.0,Yes fully
HH00036,6.0,0.0,4.0,0.0,2.0,Yes mostly
HH00037,4.0,3.0,3.0,5.0,2.0,Yes fully
HH00038,2.0,1.0,5.0,3.0,2.0,Yes mostly
HH00039,6.0,1.0,3.0,3.0,3.0,Yes mostly
HH00040,3.0,4.0,0.0,4.0,1.0,Yes mostly
HH00041,7.0,0.0,4.0,2.0,3.0,Only some
HH00042,7.0,0.0,0.0,3.0,2.0,Yes mostly
HH00043,3.0,2.0,2.0,0.0,1.0,Only some
HH00044,6.0,3.0,5.0,4.0,3.0,Only some
HH00045,,5.0,5.0,6.0,1.0,Yes mostly
HH00046,6.0,3.0,0.0,0.0,0.0,Only some
HH00047,3.0,1.0,5.0,0.0,2.0,No
HH00048,3.0,2.0,5.0,0.0,2.0,Yes fully
HH00049,,2.0,5.0,4.0,1.0,Only some
HH00050,4.0,2.0,4.0,5.0,0.0,Only some
HH00051,4.0,4.0,0.0,5.0,2.0,Only some
HH00052,3.0,4.0,0.0,5.0,3.0,Yes fully
HH00053,2.0,4.0,3.0,4.0,4.0,Yes fully
HH00054,3.0,2.0,0.0,4.0,1.0,Yes mostly
HH00055,4.0,1.0,1.0,1.0,2.0,Yes fully
HH00056,1.0,0.0,5.0,5.0,4.0,Yes mostly
HH00057,5.0,4.0,5.0,1.0,1.0,No
HH00058,6.0,5.0,1.0,6.0,2.0,Yes mostly
HH00059,2.0,0.0,3.0,0.0,3.0,Yes mostly
HH00060,3.0,0.0,3.0,6.0,2.0,Yes mostly
HH00061,0.0,1.0,1.0,3.0,4.0,Yes mostly
HH00062,4.0,,1.0,4.0,1.0,Only some
HH00063,3.0,1.0,2.0,1.0,,Only some
HH00064,6.0,0.0,3.0,2.0,2.0,Yes mostly
HH00065,7.0,2.0,4.0,6.0,3.0,Yes mostly
HH00066,6.0,2.0,5.0,0.0,1.0,Yes fully
HH00067,1.0,2.0,0.0,1.0,1.0,No
HH00068,1.0,3.0,3.0,4.0,1.0,Yes mostly
HH00069,3.0,1.0,3.0,5.0,1.0,Yes mostly
HH00070,4.0,0.0,0.0,3.0,0.0,Yes mostly
HH00071,0.0,0.0,5.0,0.0,4.0,Yes fully
HH00072,3.0,4.0,3.0,1.0,1.0,Yes mostly
HH00073,0.0,3.0,4.0,6.0,1.0,No
HH00074,,1.0,3.0,1.0,4.0,Yes fully
HH00075,2.0,5.0,2.0,4.0,3.0,Yes mostly
HH00076,0.0,3.0,1.0,6.0,1.0,Yes mostly
HH00077,2.0,4.0,2.0,2.0,1.0,Yes mostly
HH00078,5.0,4.0,4.0,0.0,4.0,No
HH00079,7.0,1.0,3.0,5.0,1.0,Only some
HH00080,6.0,3.0,3.0,5.0,4.0,No
HH00081,2.0,3.0,0.0,4.0,3.0,No
HH00082,7.0,2.0,0.0,6.0,3.0,Only some
HH00083,3.0,3.0,4.0,5.0,2.0,Only some
HH00084,2.0,2.0,5.0,4.0,0.0,Yes mostly
HH00085,6.0,0.0,2.0,2.0,4.0,Only some
HH00086,3.0,0.0,2.0,0.0,2.0,Only some
HH00087,5.0,2.0,5.0,5.0,0.0,Only some
HH00088,1.0,5.0,1.0,5.0,4.0,Yes mostly
HH00089,2.0,1.0,3.0,4.0,1.0,Only some
HH00090,7.0,3.0,0.0,4.0,1.0,Yes fully
HH00091,1.0,0.0,1.0,5.0,3.0,Only some
HH00092,6.0,3.0,2.0,1.0,1.0,Yes mostly
HH00093,3.0,1.0,4.0,0.0,0.0,Yes mostly
HH00094,7.0,2.0,1.0,4.0,1.0,Yes mostly
HH00095,3.0,4.0,2.0,6.0,3.0,Only some
HH00096,3.0,2.0,1.0,0.0,2.0,Only some
HH00097,3.0,5.0,0.0,0.0,3.0,Yes mostly
HH00098,1.0,0.0,4.0,4.0,0.0,Yes mostly
HH00099,6.0,0.0,4.0,2.0,1.0,Yes fully
HH00100,4.0,1.0,3.0,6.0,1.0,Yes fully
HH00101,4.0,1.0,3.0,3.0,0.0,Yes mostly
HH00102,2.0,2.0,0.0,3.0,3.0,Only some
HH00103,6.0,5.0,3.0,0.0,1.0,Only some
HH00104,2.0,1.0,4.0,6.0,2.0,Yes mostly
HH00105,1.0,2.0,2.0,2.0,4.0,No
HH00106,0.0,0.0,4.0,3.0,1.0,Yes mostly
HH00107,6.0,4.0,1.0,4.0,0.0,Only some
HH00108,0.0,3.0,3.0,6.0,4.0,Yes mostly
HH00109,6.0,0.0,2.0,5.0,1.0,Only some
HH00110,3.0,2.0,5.0,5.0,1.0,Yes mostly
HH00111,0.0,1.0,1.0,0.0,3.0,Yes fully
HH00112,7.0,2.0,1.0,0.0,0.0,Yes mostly
HH00113,5.0,1.0,4.0,5.0,1.0,Only some
HH00114,5.0,4.0,0.0,6.0,0.0,No
HH00115,4.0,0.0,3.0,4.0,4.0,Only some
HH00116,6.0,3.0,0.0,6.0,1.0,Only some
HH00117,1.0,4.0,3.0,2.0,2.0,Yes fully
HH00118,1.0,0.0,1.0,2.0,2.0,Only some
HH00119,4.0,5.0,1.0,1.0,2.0,Only some
HH00120,5.0,4.0,2.0,5.0,0.0,Yes mostly
HH00121,4.0,1.0,1.0,4.0,1.0,Yes mostly
HH00122,3.0,2.0,0.0,1.0,4.0,Yes fully
HH00123,5.0,4.0,3.0,6.0,2.0,Yes fully
HH00124,0.0,3.0,3.0,0.0,4.0,Yes fully
HH00125,4.0,4.0,3.0,5.0,2.0,Only some
HH00126,3.0,5.0,5.0,1.0,1.0,Only some
HH00127,3.0,2.0,4.0,5.0,1.0,Yes fully
HH00128,1.0,0.0,4.0,3.0,3.0,No
HH00129,7.0,2.0,3.0,1.0,1.0,Only some
HH00130,6.0,3.0,4.0,0.0,2.0,Only some
HH00131,7.0,4.0,4.0,4.0,4.0,No
HH00132,6.0,1.0,3.0,1.0,4.0,No
HH00133,5.0,5.0,3.0,3.0,1.0,Yes mostly
HH00134,2.0,0.0,4.0,6.0,1.0,No
HH00135,0.0,3.0,5.0,6.0,3.0,Yes mostly
HH00136,4.0,2.0,2.0,3.0,3.0,Yes fully
HH00137,7.0,4.0,1.0,5.0,3.0,Yes mostly
HH00138,2.0,1.0,2.0,5.0,0.0,Only some
HH00139,7.0,5.0,0.0,4.0,2.0,No
HH00140,1.0,0.0,1.0,1.0,0.0,Yes mostly
HH00141,2.0,4.0,5.0,5.0,4.0,Only some
HH00142,5.0,2.0,0.0,0.0,4.0,Yes mostly
HH00143,3.0,3.0,5.0,3.0,3.0,Only some
HH00144,6.0,,3.0,5.0,1.0,Yes fully
HH00145,2.0,2.0,1.0,3.0,3.0,Only some
HH00146,6.0,2.0,2.0,2.0,2.0,Only some
HH00147,2.0,1.0,5.0,2.0,3.0,Yes fully
HH00148,1.0,,0.0,3.0,1.0,No
HH00149,4.0,2.0,3.0,5.0,2.0,No
HH00150,4.0,2.0,1.0,6.0,4.0,Yes mostly
HH00151,4.0,4.0,3.0,5.0,0.0,Only some
HH00152,0.0,2.0,4.0,2.0,1.0,Only some
HH00153,3.0,3.0,5.0,0.0,1.0,Yes fully
HH00154,0.0,2.0,1.0,3.0,0.0,Yes fully
HH00155,6.0,2.0,3.0,6.0,1.0,Only some
HH00156,0.0,4.0,2.0,4.0,3.0,Only some
HH00157,7.0,4.0,3.0,2.0,0.0,Only some
HH00158,0.0,5.0,0.0,0.0,1.0,Only some
HH00159,4.0,2.0,5.0,1.0,4.0,Only some
HH00160,2.0,0.0,1.0,5.0,1.0,Yes fully
HH00161,0.0,3.0,0.0,4.0,1.0,Yes mostly
HH00162,2.0,2.0,4.0,3.0,3.0,Yes mostly
HH00163,0.0,0.0,2.0,2.0,3.0,Yes mostly
HH00164,5.0,5.0,0.0,1.0,4.0,Only some
HH00165,6.0,3.0,4.0,6.0,0.0,Only some
HH00166,2.0,3.0,1.0,3.0,3.0,Yes mostly
HH00167,3.0,3.0,5.0,5.0,3.0,Only some
HH00168,1.0,5.0,5.0,3.0,0.0,Yes mostly
HH00169,3.0,4.0,3.0,3.0,,Yes mostly
HH00170,7.0,4.0,2.0,4.0,1.0,No
HH00171,4.0,4.0,2.0,2.0,2.0,Yes mostly
HH00172,7.0,4.0,3.0,6.0,3.0,Only some
HH00173,6.0,4.0,5.0,3.0,2.0,Yes fully
HH00174,0.0,0.0,3.0,5.0,1.0,Yes mostly
HH00175,0.0,2.0,0.0,6.0,1.0,Only some
HH00176,2.0,1.0,1.0,2.0,3.0,Only some
HH00177,7.0,5.0,3.0,1.0,0.0,Only some
HH00178,1.0,3.0,2.0,6.0,2.0,No
HH00179,0.0,3.0,2.0,5.0,3.0,Only some
HH00180,7.0,3.0,2.0,5.0,4.0,Only some
HH00181,1.0,4.0,3.0,6.0,4.0,Yes mostly
HH00182,2.0,4.0,1.0,0.0,1.0,Yes mostly
HH00183,6.0,1.0,0.0,6.0,0.0,Only some
HH00184,0.0,5.0,1.0,0.0,4.0,Only some
HH00185,1.0,4.0,4.0,1.0,2.0,Yes mostly
HH00186,5.0,1.0,3.0,1.0,2.0,Yes mostly
HH00187,0.0,3.0,4.0,,4.0,Yes fully
HH00188,5.0,2.0,0.0,0.0,3.0,Yes fully
HH00189,4.0,2.0,0.0,0.0,2.0,Yes mostly
HH00190,1.0,5.0,0.0,3.0,0.0,Only some
HH00191,4.0,1.0,3.0,2.0,0.0,Only some
HH00192,2.0,5.0,3.0,2.0,2.0,No
HH00193,7.0,3.0,0.0,1.0,0.0,Only some
HH00194,3.0,4.0,2.0,6.0,1.0,Yes mostly
HH00195,5.0,4.0,0.0,2.0,3.0,Only some
HH00196,2.0,3.0,3.0,3.0,0.0,Only some
HH00197,6.0,1.0,3.0,0.0,4.0,Only some
HH00198,2.0,5.0,0.0,1.0,2.0,Yes mostly
HH00199,4.0,3.0,,1.0,4.0,Only some
HH00200,6.0,2.0,4.0,6.0,0.0,Yes fully
HH00201,7.0,1.0,5.0,1.0,2.0,Yes mostly
HH00202,6.0,0.0,5.0,3.0,4.0,Yes fully
HH00203,5.0,1.0,3.0,3.0,3.0,Yes mostly
HH00204,5.0,0.0,3.0,0.0,4.0,No
HH00205,3.0,5.0,4.0,2.0,3.0,Yes fully
HH00206,5.0,2.0,5.0,0.0,3.0,Yes fully
HH00207,4.0,3.0,5.0,1.0,1.0,Only some
HH00208,4.0,4.0,2.0,4.0,2.0,No
HH00209,2.0,5.0,2.0,3.0,0.0,Yes mostly
HH00210,2.0,2.0,,3.0,1.0,Yes mostly
HH00211,0.0,0.0,1.0,1.0,0.0,Yes mostly
HH00212,5.0,3.0,2.0,4.0,1.0,Only some
HH00213,0.0,5.0,4.0,,3.0,Only some
HH00214,0.0,2.0,2.0,5.0,1.0,Yes fully
HH00215,2.0,0.0,3.0,,2.0,No
HH00216,1.0,4.0,5.0,4.0,2.0,Only some
HH00217,5.0,3.0,2.0,1.0,0.0,Only some
HH00218,1.0,0.0,2.0,6.0,4.0,Yes fully
HH00219,3.0,0.0,4.0,3.0,3.0,No
HH00220,5.0,3.0,1.0,5.0,0.0,Yes mostly
HH00221,4.0,0.0,2.0,3.0,0.0,Yes mostly
HH00222,4.0,1.0,,4.0,0.0,Yes mostly
HH00223,2.0,1.0,2.0,6.0,1.0,Yes mostly
HH00224,3.0,2.0,1.0,0.0,0.0,Yes fully
HH00225,6.0,4.0,5.0,6.0,0.0,Yes fully
HH00226,3.0,2.0,3.0,3.0,2.0,Yes mostly
HH00227,5.0,5.0,4.0,0.0,2.0,Yes mostly
HH00228,6.0,3.0,1.0,3.0,0.0,Only some
HH00229,1.0,2.0,4.0,0.0,2.0,Only some
HH00230,0.0,3.0,5.0,3.0,2.0,Only some
HH00231,3.0,0.0,0.0,3.0,1.0,Yes fully
HH00232,3.0,5.0,1.0,2.0,0.0,Yes mostly
HH00233,1.0,1.0,3.0,3.0,3.0,Only some
HH00234,6.0,5.0,4.0,4.0,0.0,Only some
HH00235,4.0,3.0,0.0,5.0,1.0,Yes mostly
HH00236,5.0,1.0,3.0,2.0,3.0,No
HH00237,5.0,2.0,0.0,0.0,3.0,Only some
HH00238,3.0,0.0,5.0,3.0,4.0,No
HH00239,4.0,3.0,4.0,6.0,0.0,Only some
HH00240,1.0,0.0,5.0,2.0,0.0,Yes mostly
HH00241,5.0,3.0,1.0,0.0,3.0,No
HH00242,7.0,1.0,4.0,6.0,1.0,No
HH00243,6.0,0.0,2.0,2.0,1.0,Only some
HH00244,3.0,1.0,0.0,2.0,1.0,No
HH00245,0.0,,2.0,2.0,4.0,No
HH00246,7.0,5.0,2.0,5.0,3.0,Only some
HH00247,4.0,5.0,3.0,1.0,4.0,Yes mostly
HH00248,6.0,5.0,5.0,4.0,2.0,Yes mostly
HH00249,2.0,4.0,1.0,2.0,2.0,Only some
HH00250,6.0,1.0,3.0,2.0,2.0,Only some
HH00251,6.0,4.0,1.0,1.0,0.0,Yes mostly
HH00252,0.0,4.0,5.0,5.0,2.0,Yes mostly
HH00253,4.0,1.0,2.0,3.0,1.0,No
HH00254,3.0,5.0,4.0,6.0,4.0,Yes mostly
HH00255,5.0,5.0,1.0,5.0,0.0,Yes fully
HH00256,2.0,2.0,1.0,5.0,0.0,Only some
HH00257,0.0,3.0,5.0,3.0,4.0,Yes mostly
HH00258,2.0,5.0,1.0,6.0,0.0,Yes mostly
HH00259,,1.0,3.0,4.0,2.0,Only some
HH00260,2.0,5.0,,3.0,1.0,No
HH00261,3.0,1.0,2.0,2.0,1.0,Yes mostly
HH00262,3.0,5.0,4.0,6.0,2.0,Yes mostly
HH00263,5.0,1.0,4.0,1.0,3.0,Yes mostly
HH00264,3.0,4.0,2.0,6.0,0.0,Only some
HH00265,1.0,3.0,3.0,1.0,3.0,Yes mostly
HH00266,5.0,2.0,0.0,5.0,4.0,Yes mostly
HH00267,1.0,2.0,1.0,1.0,1.0,Only some
HH00268,2.0,1.0,4.0,5.0,,No
HH00269,5.0,4.0,3.0,5.0,4.0,Yes mostly
HH00270,2.0,5.0,0.0,5.0,4.0,Only some
HH00271,0.0,3.0,5.0,6.0,3.0,Only some
HH00272,2.0,1.0,2.0,3.0,4.0,Yes mostly
HH00273,3.0,4.0,1.0,5.0,3.0,Only some
HH00274,5.0,2.0,2.0,3.0,2.0,Yes mostly
HH00275,5.0,5.0,2.0,0.0,0.0,Yes fully
HH00276,0.0,1.0,3.0,2.0,4.0,Yes fully
HH00277,6.0,3.0,0.0,0.0,1.0,Yes fully
HH00278,5.0,2.0,0.0,4.0,3.0,Only some
HH00279,1.0,5.0,5.0,1.0,3.0,Only some
HH00280,2.0,0.0,4.0,2.0,1.0,Only some
HH00281,6.0,3.0,2.0,6.0,3.0,Only some
HH00282,4.0,4.0,5.0,5.0,3.0,Yes mostly
HH00283,2.0,2.0,4.0,2.0,3.0,No
HH00284,6.0,3.0,4.0,3.0,4.0,No
HH00285,5.0,1.0,4.0,4.0,1.0,Yes mostly
HH00286,4.0,2.0,5.0,2.0,3.0,Only some
HH00287,0.0,5.0,5.0,5.0,0.0,Only some
HH00288,5.0,2.0,1.0,1.0,3.0,Yes mostly
HH00289,1.0,1.0,4.0,2.0,0.0,Yes fully
HH00290,7.0,3.0,0.0,1.0,1.0,Yes mostly
HH00291,1.0,2.0,3.0,4.0,0.0,No
HH00292,0.0,4.0,0.0,4.0,4.0,Only some
HH00293,,0.0,1.0,5.0,1.0,Only some
HH00294,2.0,5.0,4.0,2.0,1.0,No
HH00295,2.0,4.0,2.0,1.0,1.0,Yes mostly
HH00296,7.0,5.0,0.0,0.0,3.0,No
HH00297,2.0,2.0,5.0,6.0,4.0,Yes mostly
HH00298,6.0,2.0,5.0,2.0,3.0,Only some
HH00299,1.0,2.0,1.0,5.0,0.0,Yes mostly
HH00300,4.0,5.0,3.0,2.0,2.0,Yes mostly
HH00301,1.0,0.0,1.0,2.0,0.0,Yes mostly
HH00302,1.0,3.0,4.0,1.0,0.0,Yes mostly
HH00303,1.0,1.0,4.0,5.0,0.0,Yes fully
HH00304,2.0,3.0,2.0,2.0,3.0,Yes mostly
HH00305,3.0,5.0,5.0,2.0,4.0,Only some
HH00306,6.0,4.0,4.0,4.0,1.0,No
HH00307,6.0,0.0,0.0,3.0,4.0,Yes fully
HH00308,5.0,2.0,2.0,5.0,1.0,Yes fully
HH00309,3.0,0.0,4.0,0.0,1.0,Only some
HH00310,2.0,2.0,3.0,6.0,0.0,Only some
HH00311,2.0,1.0,0.0,1.0,0.0,Only some
HH00312,1.0,4.0,4.0,0.0,3.0,No
HH00313,5.0,3.0,2.0,0.0,2.0,Yes mostly
HH00314,6.0,1.0,1.0,2.0,0.0,Yes mostly
HH00315,4.0,5.0,4.0,,2.0,No
HH00316,4.0,4.0,5.0,0.0,1.0,Only some
HH00317,2.0,3.0,3.0,4.0,1.0,Only some
HH00318,7.0,2.0,4.0,4.0,4.0,No
HH00319,7.0,1.0,1.0,5.0,2.0,Yes mostly
HH00320,3.0,3.0,4.0,0.0,2.0,Yes fully
HH00321,6.0,4.0,5.0,0.0,3.0,Yes fully
HH00322,2.0,5.0,1.0,1.0,4.0,Only some
HH00323,0.0,4.0,5.0,3.0,3.0,No
HH00324,2.0,0.0,0.0,4.0,2.0,Yes mostly
HH00325,6.0,5.0,2.0,1.0,1.0,Yes mostly
HH00326,3.0,1.0,0.0,2.0,0.0,Only some
HH00327,6.0,0.0,2.0,3.0,0.0,Yes fully
HH00328,2.0,3.0,3.0,3.0,3.0,Only some
HH00329,3.0,2.0,5.0,3.0,3.0,Yes mostly
HH00330,0.0,0.0,0.0,4.0,1.0,No
HH00331,6.0,1.0,5.0,5.0,4.0,Only some
HH00332,2.0,1.0,5.0,,4.0,Yes mostly
HH00333,0.0,2.0,0.0,6.0,3.0,Only some
HH00334,1.0,4.0,5.0,2.0,1.0,Only some
HH00335,5.0,4.0,5.0,2.0,2.0,Yes mostly
HH00336,6.0,0.0,0.0,1.0,4.0,Yes mostly
HH00337,7.0,1.0,0.0,2.0,2.0,Only some
HH00338,1.0,3.0,4.0,3.0,2.0,Only some
HH00339,4.0,4.0,2.0,4.0,2.0,Only some
HH00340,,0.0,1.0,0.0,4.0,Yes mostly
HH00341,5.0,2.0,2.0,6.0,2.0,Only some
HH00342,5.0,0.0,2.0,0.0,0.0,Only some
HH00343,0.0,2.0,5.0,2.0,2.0,Yes mostly
HH00344,1.0,2.0,1.0,3.0,3.0,Yes mostly
HH00345,4.0,1.0,0.0,2.0,4.0,Yes mostly
HH00346,4.0,5.0,4.0,,0.0,Only some
HH00347,7.0,4.0,5.0,3.0,4.0,Yes fully
HH00348,6.0,3.0,5.0,0.0,4.0,No
HH00349,0.0,4.0,5.0,5.0,3.0,Yes mostly
HH00350,4.0,1.0,0.0,4.0,1.0,Only some
HH00351,3.0,5.0,,5.0,1.0,Yes fully
HH00352,3.0,2.0,1.0,5.0,2.0,Only some
HH00353,0.0,2.0,2.0,6.0,0.0,Only some
HH00354,6.0,3.0,2.0,1.0,3.0,Only some
HH00355,1.0,3.0,5.0,5.0,3.0,No
HH00356,7.0,3.0,3.0,3.0,2.0,Yes fully
HH00357,7.0,4.0,1.0,0.0,3.0,Yes fully
HH00358,6.0,1.0,0.0,6.0,3.0,Yes fully
HH00359,0.0,4.0,3.0,5.0,4.0,Yes mostly
HH00360,3.0,1.0,4.0,1.0,3.0,Only some
HH00361,0.0,1.0,4.0,6.0,1.0,Yes fully
HH00362,4.0,2.0,5.0,5.0,0.0,Only some
HH00363,6.0,3.0,0.0,3.0,4.0,Yes mostly
HH00364,4.0,3.0,2.0,1.0,3.0,No
HH00365,0.0,0.0,3.0,5.0,4.0,Yes mostly
HH00366,2.0,4.0,5.0,,2.0,No
HH00367,1.0,3.0,1.0,1.0,0.0,Only some
HH00368,3.0,3.0,4.0,0.0,2.0,No
HH00369,2.0,4.0,1.0,1.0,3.0,Only some
HH00370,6.0,4.0,3.0,2.0,1.0,Yes mostly
HH00371,1.0,2.0,4.0,2.0,2.0,Only some
HH00372,2.0,2.0,,6.0,,Yes mostly
HH00373,1.0,1.0,2.0,6.0,1.0,Yes mostly
HH00374,7.0,3.0,2.0,4.0,4.0,Yes mostly
HH00375,2.0,1.0,5.0,1.0,,No
HH00376,7.0,3.0,3.0,1.0,4.0,Only some
HH00377,5.0,2.0,2.0,0.0,0.0,Yes fully
HH00378,2.0,1.0,1.0,5.0,4.0,Only some
HH00379,4.0,2.0,4.0,1.0,3.0,Yes mostly
HH00380,0.0,5.0,4.0,6.0,3.0,Yes fully
HH00381,7.0,3.0,3.0,4.0,1.0,Yes fully
HH00382,7.0,2.0,0.0,3.0,0.0,Yes fully
HH00383,2.0,2.0,0.0,6.0,1.0,Only some
HH00384,1.0,3.0,1.0,1.0,2.0,Yes mostly
HH00385,3.0,0.0,0.0,3.0,1.0,Yes fully
HH00386,6.0,3.0,2.0,1.0,0.0,Yes mostly
HH00387,5.0,0.0,2.0,1.0,0.0,No
HH00388,0.0,5.0,2.0,6.0,3.0,Only some
HH00389,0.0,3.0,5.0,4.0,3.0,Yes mostly
HH00390,1.0,0.0,1.0,1.0,0.0,Only some
HH00391,6.0,2.0,4.0,0.0,3.0,Yes fully
HH00392,2.0,5.0,1.0,2.0,4.0,No
HH00393,7.0,5.0,3.0,5.0,4.0,Yes fully
HH00394,2.0,0.0,5.0,1.0,0.0,Yes fully
HH00395,7.0,1.0,5.0,5.0,2.0,Yes mostly
HH00396,7.0,,3.0,0.0,0.0,Yes fully
HH00397,5.0,2.0,1.0,2.0,0.0,Yes fully
HH00398,1.0,5.0,2.0,3.0,4.0,Only some
HH00399,0.0,4.0,2.0,0.0,4.0,Yes mostly
HH00400,1.0,1.0,5.0,2.0,1.0,Yes fully
HH00401,5.0,1.0,2.0,1.0,2.0,Only some
HH00402,5.0,3.0,4.0,0.0,0.0,Only some
HH00403,7.0,3.0,5.0,0.0,4.0,No
HH00404,7.0,2.0,0.0,1.0,2.0,Yes fully
HH00405,2.0,2.0,5.0,5.0,1.0,No
HH00406,3.0,5.0,3.0,0.0,4.0,Only some
HH00407,6.0,3.0,3.0,3.0,0.0,Only some
HH00408,6.0,4.0,1.0,0.0,1.0,Yes mostly
HH00409,2.0,5.0,2.0,1.0,3.0,Yes mostly
HH00410,0.0,2.0,3.0,1.0,2.0,Yes fully
HH00411,0.0,4.0,1.0,2.0,3.0,Only some
HH00412,6.0,4.0,4.0,5.0,1.0,Only some
HH00413,2.0,1.0,4.0,2.0,3.0,Yes fully
HH00414,5.0,1.0,0.0,0.0,2.0,Yes mostly
HH00415,6.0,0.0,1.0,1.0,0.0,No
HH00416,7.0,3.0,3.0,2.0,1.0,Yes mostly
HH00417,3.0,4.0,4.0,1.0,1.0,Only some
HH00418,5.0,4.0,1.0,3.0,2.0,No
HH00419,1.0,2.0,5.0,2.0,2.0,Yes mostly
HH00420,7.0,4.0,3.0,5.0,2.0,Only some
HH00421,7.0,0.0,3.0,1.0,0.0,Only some
HH00422,3.0,3.0,0.0,4.0,4.0,Yes mostly
HH00423,2.0,2.0,3.0,0.0,3.0,Yes mostly
HH00424,5.0,4.0,4.0,6.0,3.0,No
HH00425,3.0,5.0,1.0,6.0,1.0,Yes fully
HH00426,5.0,3.0,3.0,1.0,3.0,Yes fully
HH00427,0.0,3.0,0.0,1.0,1.0,Yes mostly
HH00428,2.0,5.0,1.0,0.0,2.0,Only some
HH00429,6.0,2.0,0.0,6.0,1.0,Yes mostly
HH00430,7.0,0.0,4.0,0.0,,Yes mostly
HH00431,0.0,3.0,5.0,0.0,3.0,Yes mostly
HH00432,6.0,2.0,0.0,0.0,1.0,Yes mostly
HH00433,0.0,3.0,4.0,2.0,3.0,Only some
HH00434,6.0,4.0,3.0,6.0,2.0,No
HH00435,2.0,3.0,4.0,1.0,4.0,Yes mostly
HH00436,2.0,1.0,3.0,3.0,0.0,Only some
HH00437,5.0,3.0,5.0,4.0,4.0,Only some
HH00438,6.0,2.0,0.0,5.0,0.0,Only some
HH00439,3.0,1.0,0.0,4.0,2.0,Only some
HH00440,2.0,4.0,1.0,6.0,1.0,Yes fully
HH00441,7.0,1.0,4.0,4.0,3.0,Only some
HH00442,7.0,3.0,0.0,5.0,0.0,Only some
HH00443,4.0,5.0,0.0,2.0,1.0,Only some
HH00444,0.0,1.0,4.0,2.0,1.0,Yes mostly
HH00445,7.0,2.0,2.0,5.0,4.0,Yes fully
HH00446,4.0,1.0,4.0,6.0,2.0,Yes fully
HH00447,,2.0,2.0,0.0,0.0,Yes mostly
HH00448,0.0,1.0,0.0,3.0,3.0,Yes fully
HH00449,7.0,5.0,3.0,5.0,1.0,Yes mostly
HH00450,5.0,1.0,0.0,0.0,1.0,Yes fully
HH00451,1.0,3.0,2.0,2.0,2.0,Yes mostly
HH00452,2.0,0.0,5.0,3.0,3.0,No
HH00453,2.0,2.0,1.0,0.0,4.0,Yes mostly
HH00454,6.0,5.0,1.0,6.0,0.0,Yes mostly
HH00455,3.0,4.0,5.0,2.0,4.0,Only some
HH00456,6.0,1.0,1.0,5.0,4.0,Yes mostly
HH00457,5.0,5.0,2.0,2.0,1.0,Yes fully
HH00458,2.0,4.0,4.0,2.0,2.0,Only some
HH00459,3.0,2.0,0.0,6.0,1.0,Yes mostly
HH00460,6.0,5.0,0.0,5.0,2.0,Only some
HH00461,3.0,1.0,5.0,3.0,3.0,Yes fully
HH00462,5.0,1.0,5.0,3.0,3.0,Yes mostly
HH00463,0.0,5.0,5.0,5.0,2.0,Yes fully
HH00464,3.0,5.0,0.0,4.0,2.0,Yes mostly
HH00465,4.0,4.0,3.0,6.0,2.0,Only some
HH00466,2.0,1.0,5.0,2.0,2.0,Yes mostly
HH00467,6.0,1.0,5.0,0.0,0.0,Yes mostly
HH00468,1.0,3.0,2.0,1.0,,Yes fully
HH00469,6.0,0.0,2.0,3.0,3.0,Only some
HH00470,,5.0,0.0,2.0,4.0,Yes mostly
HH00471,3.0,5.0,0.0,5.0,4.0,Only some
HH00472,4.0,4.0,,6.0,4.0,Yes mostly
HH00473,2.0,5.0,1.0,1.0,3.0,No
HH00474,4.0,1.0,5.0,6.0,2.0,Yes mostly
HH00475,7.0,5.0,0.0,4.0,3.0,Only some
HH00476,3.0,,3.0,1.0,4.0,Yes mostly
HH00477,4.0,0.0,3.0,1.0,1.0,Yes mostly
HH00478,7.0,1.0,0.0,1.0,0.0,Only some
HH00479,7.0,4.0,2.0,3.0,1.0,No
HH00480,0.0,5.0,5.0,0.0,2.0,Only some
HH00481,5.0,3.0,0.0,0.0,3.0,Yes mostly
HH00482,6.0,1.0,0.0,5.0,2.0,Yes mostly
HH00483,7.0,3.0,0.0,3.0,4.0,Yes mostly
HH00484,6.0,3.0,0.0,3.0,1.0,Only some
HH00485,0.0,3.0,5.0,2.0,2.0,Yes mostly
HH00486,6.0,2.0,,3.0,4.0,Yes mostly
HH00487,6.0,0.0,1.0,2.0,0.0,Yes fully
HH00488,4.0,2.0,4.0,0.0,4.0,No
HH00489,0.0,5.0,5.0,3.0,0.0,Yes fully
HH00490,1.0,2.0,0.0,0.0,4.0,Yes mostly
HH00491,2.0,0.0,2.0,4.0,1.0,Yes fully
HH00492,6.0,2.0,1.0,6.0,3.0,Yes mostly
HH00493,1.0,,1.0,4.0,3.0,Yes fully
HH00494,5.0,3.0,5.0,4.0,1.0,Only some
HH00495,1.0,3.0,2.0,6.0,2.0,Yes mostly
HH00496,6.0,2.0,3.0,1.0,3.0,Yes fully
HH00497,0.0,0.0,0.0,5.0,4.0,Yes mostly
HH00498,1.0,2.0,1.0,1.0,0.0,Yes mostly
HH00499,0.0,0.0,2.0,0.0,,Only some
HH00500,4.0,3.0,3.0,1.0,4.0,Yes mostly
HH00501,6.0,2.0,5.0,3.0,2.0,Only some
HH00502,3.0,2.0,1.0,0.0,0.0,Yes mostly
HH00503,4.0,3.0,3.0,1.0,0.0,Yes fully
HH00504,5.0,4.0,2.0,,4.0,Yes mostly
HH00505,3.0,1.0,4.0,1.0,2.0,Yes mostly
HH00506,6.0,3.0,2.0,5.0,3.0,Yes mostly
HH00507,2.0,3.0,2.0,1.0,4.0,Yes mostly
HH00508,1.0,3.0,3.0,1.0,0.0,Only some
HH00509,1.0,2.0,2.0,0.0,2.0,Yes fully
HH00510,1.0,1.0,,2.0,0.0,Yes mostly
HH00511,0.0,1.0,0.0,5.0,4.0,Yes mostly
HH00512,0.0,0.0,2.0,,2.0,Yes mostly
HH00513,0.0,0.0,1.0,1.0,4.0,Yes mostly
HH00514,1.0,4.0,0.0,2.0,1.0,Only some
HH00515,5.0,0.0,0.0,4.0,0.0,Only some
HH00516,1.0,5.0,2.0,3.0,4.0,Only some
HH00517,4.0,,1.0,3.0,3.0,Yes fully
HH00518,0.0,1.0,4.0,6.0,0.0,Yes mostly
HH00519,6.0,2.0,3.0,5.0,3.0,Only some
HH00520,2.0,2.0,4.0,1.0,2.0,Yes mostly
HH00521,3.0,2.0,5.0,4.0,0.0,Only some
HH00522,5.0,2.0,4.0,5.0,1.0,Only some
HH00523,7.0,2.0,2.0,6.0,3.0,Yes mostly
HH00524,6.0,4.0,5.0,1.0,0.0,Yes fully
HH00525,3.0,2.0,2.0,5.0,1.0,Only some
HH00526,2.0,1.0,4.0,,1.0,Yes mostly
HH00527,,2.0,1.0,3.0,3.0,Yes fully
HH00528,0.0,5.0,5.0,0.0,4.0,Yes mostly
HH00529,2.0,5.0,1.0,4.0,3.0,Yes fully
HH00530,6.0,0.0,3.0,4.0,3.0,Only some
HH00531,2.0,3.0,2.0,3.0,0.0,Yes fully
HH00532,3.0,5.0,1.0,2.0,4.0,Only some
HH00533,0.0,1.0,1.0,1.0,0.0,No
HH00534,2.0,0.0,3.0,5.0,2.0,No
HH00535,0.0,1.0,0.0,6.0,4.0,Yes mostly
HH00536,3.0,1.0,1.0,0.0,1.0,Yes mostly
HH00537,,5.0,5.0,1.0,1.0,No
HH00538,7.0,1.0,0.0,4.0,0.0,Only some
HH00539,4.0,1.0,4.0,2.0,1.0,Yes mostly
HH00540,2.0,1.0,1.0,0.0,2.0,Only some
HH00541,4.0,2.0,1.0,0.0,2.0,Only some
HH00542,7.0,5.0,2.0,1.0,0.0,Only some
HH00543,1.0,0.0,2.0,6.0,1.0,No
HH00544,2.0,2.0,4.0,4.0,0.0,No
HH00545,4.0,3.0,4.0,1.0,1.0,Yes mostly
HH00546,0.0,0.0,2.0,0.0,3.0,Yes fully
HH00547,4.0,0.0,1.0,5.0,0.0,Only some
HH00548,1.0,5.0,0.0,2.0,0.0,Only some
HH00549,6.0,1.0,4.0,2.0,2.0,Only some
HH00550,6.0,1.0,5.0,3.0,2.0,Yes mostly
HH00551,0.0,2.0,0.0,1.0,4.0,Only some
HH00552,4.0,0.0,3.0,5.0,2.0,Yes mostly
HH00553,1.0,0.0,1.0,2.0,4.0,No
HH00554,4.0,0.0,1.0,4.0,3.0,Only some
HH00555,4.0,3.0,4.0,3.0,2.0,Yes mostly
HH00556,7.0,2.0,1.0,1.0,1.0,Only some
HH00557,1.0,1.0,1.0,,0.0,Only some
HH00558,4.0,5.0,0.0,0.0,3.0,Yes mostly
HH00559,7.0,1.0,5.0,5.0,4.0,Yes fully
HH00560,0.0,0.0,5.0,2.0,1.0,Only some
HH00561,2.0,0.0,5.0,4.0,1.0,Only some
HH00562,5.0,4.0,1.0,1.0,0.0,Yes mostly
HH00563,0.0,3.0,1.0,2.0,2.0,No
HH00564,1.0,1.0,5.0,2.0,1.0,No
HH00565,7.0,1.0,3.0,1.0,0.0,Only some
HH00566,4.0,1.0,1.0,2.0,0.0,No
HH00567,0.0,2.0,0.0,0.0,1.0,Yes mostly
HH00568,6.0,4.0,4.0,2.0,2.0,No
HH00569,4.0,3.0,4.0,0.0,2.0,No
HH00570,3.0,4.0,0.0,3.0,3.0,Only some
HH00571,7.0,0.0,2.0,0.0,2.0,Yes fully
HH00572,2.0,3.0,2.0,0.0,3.0,Yes fully
HH00573,3.0,4.0,2.0,3.0,1.0,Yes mostly
HH00574,4.0,1.0,2.0,2.0,1.0,Only some
HH00575,1.0,3.0,1.0,6.0,2.0,Yes mostly
HH00576,1.0,0.0,2.0,1.0,0.0,Only some
HH00577,1.0,5.0,5.0,2.0,3.0,Only some
HH00578,2.0,4.0,5.0,1.0,0.0,Yes mostly
HH00579,0.0,3.0,0.0,6.0,4.0,Yes fully
HH00580,4.0,3.0,4.0,5.0,4.0,Only some
HH00581,7.0,4.0,3.0,1.0,2.0,Yes mostly
HH00582,2.0,2.0,1.0,1.0,1.0,No
HH00583,0.0,5.0,1.0,1.0,1.0,No
HH00584,0.0,1.0,4.0,1.0,2.0,Yes mostly
HH00585,1.0,4.0,2.0,1.0,2.0,Only some
HH00586,4.0,4.0,0.0,5.0,0.0,Only some
HH00587,3.0,5.0,5.0,3.0,0.0,No
HH00588,3.0,0.0,5.0,2.0,3.0,Only some
HH00589,6.0,2.0,2.0,1.0,0.0,No
HH00590,3.0,3.0,2.0,1.0,2.0,Yes mostly
HH00591,4.0,3.0,2.0,3.0,4.0,Yes fully
HH00592,7.0,4.0,1.0,5.0,0.0,Only some
HH00593,1.0,3.0,0.0,3.0,4.0,Only some
HH00594,0.0,1.0,1.0,4.0,2.0,No
HH00595,1.0,4.0,2.0,1.0,2.0,Yes fully
HH00596,1.0,2.0,0.0,6.0,3.0,Yes mostly
HH00597,6.0,5.0,0.0,5.0,3.0,Only some
HH00598,7.0,3.0,5.0,6.0,,No
HH00599,4.0,3.0,5.0,4.0,0.0,Only some
HH00600,1.0,3.0,1.0,4.0,4.0,Yes mostly
HH00601,6.0,5.0,3.0,0.0,0.0,No
HH00602,7.0,5.0,0.0,1.0,4.0,Only some
HH00603,3.0,3.0,5.0,0.0,2.0,No
HH00604,5.0,3.0,4.0,3.0,2.0,Only some
HH00605,4.0,0.0,1.0,4.0,3.0,Yes fully
HH00606,4.0,0.0,1.0,0.0,4.0,No
HH00607,2.0,4.0,1.0,5.0,0.0,Yes mostly
HH00608,2.0,2.0,0.0,3.0,4.0,No
HH00609,2.0,2.0,2.0,4.0,3.0,Yes fully
HH00610,2.0,3.0,4.0,6.0,1.0,Only some
HH00611,6.0,1.0,4.0,4.0,2.0,Yes mostly
HH00612,6.0,1.0,0.0,0.0,3.0,Yes fully
HH00613,0.0,0.0,2.0,5.0,0.0,No
HH00614,0.0,4.0,4.0,6.0,2.0,Yes mostly
HH00615,3.0,3.0,5.0,0.0,3.0,Yes fully
HH00616,6.0,1.0,3.0,3.0,2.0,No
HH00617,4.0,3.0,4.0,3.0,,Yes mostly
HH00618,6.0,0.0,1.0,1.0,2.0,Only some
HH00619,5.0,4.0,5.0,1.0,2.0,No
HH00620,5.0,1.0,2.0,5.0,4.0,Yes mostly
HH00621,4.0,1.0,4.0,2.0,4.0,Yes fully
HH00622,0.0,5.0,1.0,3.0,4.0,Only some
HH00623,1.0,,1.0,5.0,0.0,Only some
HH00624,5.0,4.0,3.0,3.0,1.0,Yes fully
HH00625,2.0,3.0,3.0,6.0,4.0,Only some
HH00626,5.0,3.0,3.0,3.0,3.0,Yes mostly
HH00627,2.0,1.0,4.0,6.0,1.0,Yes fully
HH00628,0.0,1.0,4.0,1.0,3.0,Yes mostly
HH00629,5.0,5.0,1.0,6.0,2.0,No
HH00630,7.0,5.0,2.0,0.0,4.0,Yes mostly
HH00631,3.0,4.0,0.0,5.0,2.0,Yes mostly
HH00632,1.0,5.0,4.0,4.0,2.0,No
HH00633,3.0,4.0,0.0,3.0,3.0,Yes mostly
HH00634,7.0,2.0,0.0,6.0,0.0,No
HH00635,2.0,4.0,3.0,4.0,3.0,No
HH00636,0.0,4.0,5.0,4.0,1.0,Yes mostly
HH00637,6.0,0.0,2.0,5.0,0.0,Yes mostly
HH00638,1.0,5.0,1.0,5.0,0.0,Yes fully
HH00639,0.0,2.0,1.0,1.0,0.0,Yes fully
HH00640,5.0,1.0,5.0,5.0,0.0,Yes mostly
HH00641,2.0,2.0,3.0,4.0,0.0,Yes mostly
HH00642,1.0,1.0,2.0,0.0,1.0,Yes mostly
HH00643,0.0,1.0,5.0,6.0,4.0,Only some
HH00644,1.0,3.0,0.0,5.0,0.0,Yes mostly
HH00645,1.0,5.0,3.0,6.0,3.0,Yes mostly
HH00646,0.0,2.0,2.0,5.0,4.0,Yes fully
HH00647,2.0,1.0,1.0,2.0,4.0,Yes mostly
HH00648,6.0,4.0,5.0,2.0,1.0,Only some
HH00649,3.0,1.0,5.0,1.0,0.0,Only some
HH00650,0.0,3.0,5.0,2.0,1.0,Yes mostly
HH00651,7.0,1.0,0.0,,3.0,Only some
HH00652,5.0,1.0,4.0,5.0,3.0,Yes mostly
HH00653,7.0,1.0,2.0,5.0,0.0,No
HH00654,4.0,2.0,2.0,6.0,1.0,Yes mostly
HH00655,3.0,5.0,1.0,3.0,3.0,Only some
HH00656,4.0,4.0,3.0,6.0,3.0,Yes mostly
HH00657,0.0,4.0,5.0,1.0,1.0,Yes mostly
HH00658,3.0,0.0,1.0,3.0,4.0,Yes mostly
HH00659,3.0,0.0,3.0,5.0,4.0,Yes fully
HH00660,2.0,2.0,3.0,5.0,1.0,Only some
HH00661,6.0,5.0,3.0,5.0,2.0,Only some
HH00662,7.0,0.0,1.0,3.0,2.0,Yes fully
HH00663,3.0,4.0,0.0,0.0,3.0,No
HH00664,6.0,4.0,4.0,6.0,1.0,Yes fully
HH00665,1.0,1.0,3.0,2.0,1.0,No
HH00666,7.0,0.0,4.0,4.0,2.0,Yes mostly
HH00667,5.0,0.0,3.0,0.0,1.0,Yes mostly
HH00668,5.0,0.0,2.0,6.0,2.0,Yes fully
HH00669,4.0,5.0,1.0,1.0,4.0,Only some
HH00670,6.0,4.0,3.0,6.0,1.0,Only some
HH00671,4.0,4.0,4.0,5.0,4.0,Only some
HH00672,7.0,0.0,1.0,2.0,2.0,Yes mostly
HH00673,5.0,5.0,0.0,2.0,0.0,Yes fully
HH00674,3.0,4.0,0.0,6.0,2.0,Only some
HH00675,1.0,4.0,3.0,4.0,2.0,No
HH00676,7.0,2.0,1.0,4.0,0.0,Yes mostly
HH00677,0.0,1.0,4.0,4.0,2.0,Only some
HH00678,0.0,4.0,1.0,1.0,0.0,Only some
HH00679,0.0,0.0,2.0,0.0,3.0,Yes mostly
HH00680,0.0,1.0,1.0,0.0,2.0,Only some
HH00681,1.0,0.0,2.0,2.0,1.0,Yes fully
HH00682,3.0,0.0,4.0,4.0,0.0,Yes fully
HH00683,2.0,3.0,4.0,2.0,2.0,Only some
HH00684,3.0,1.0,4.0,1.0,3.0,No
HH00685,3.0,5.0,3.0,2.0,2.0,Yes mostly
HH00686,3.0,5.0,2.0,1.0,4.0,Yes fully
HH00687,0.0,1.0,1.0,3.0,0.0,Yes fully
HH00688,4.0,4.0,5.0,3.0,3.0,Yes mostly
HH00689,2.0,0.0,4.0,1.0,2.0,Only some
HH00690,4.0,1.0,5.0,0.0,1.0,Yes fully
HH00691,0.0,3.0,4.0,0.0,1.0,Yes fully
HH00692,6.0,1.0,0.0,2.0,2.0,Only some
HH00693,5.0,0.0,1.0,1.0,0.0,Yes fully
HH00694,2.0,0.0,2.0,,3.0,Yes mostly
HH00695,2.0,3.0,1.0,1.0,2.0,Only some
HH00696,2.0,1.0,5.0,0.0,3.0,Yes fully
HH00697,7.0,1.0,2.0,4.0,2.0,Yes mostly
HH00698,5.0,1.0,1.0,4.0,4.0,Yes fully
HH00699,3.0,5.0,3.0,4.0,0.0,Yes mostly
HH00700,5.0,5.0,2.0,1.0,2.0,No
HH00701,0.0,4.0,0.0,4.0,2.0,Only some
HH00702,6.0,0.0,5.0,6.0,1.0,Yes fully
HH00703,4.0,1.0,5.0,4.0,3.0,Yes fully
HH00704,2.0,5.0,4.0,2.0,1.0,Yes mostly
HH00705,,3.0,1.0,3.0,3.0,No
HH00706,0.0,0.0,4.0,5.0,4.0,Only some
HH00707,3.0,1.0,1.0,1.0,4.0,Only some
HH00708,7.0,4.0,5.0,5.0,3.0,Yes fully
HH00709,6.0,5.0,5.0,1.0,3.0,No
HH00710,0.0,2.0,1.0,6.0,4.0,Only some
HH00711,4.0,0.0,1.0,0.0,4.0,Yes mostly
HH00712,5.0,0.0,4.0,3.0,3.0,Yes mostly
HH00713,4.0,1.0,1.0,2.0,4.0,Yes mostly
HH00714,2.0,4.0,4.0,3.0,,Only some
HH00715,5.0,4.0,4.0,2.0,0.0,Yes mostly
HH00716,3.0,1.0,1.0,0.0,2.0,Yes mostly
HH00717,7.0,5.0,4.0,6.0,1.0,Only some
HH00718,6.0,5.0,0.0,3.0,4.0,Only some
HH00719,7.0,5.0,2.0,4.0,3.0,Yes mostly
HH00720,3.0,4.0,1.0,3.0,4.0,Yes mostly
HH00721,5.0,3.0,0.0,3.0,1.0,Yes fully
HH00722,1.0,5.0,4.0,4.0,4.0,Yes mostly
HH00723,6.0,4.0,0.0,2.0,0.0,Only some
HH00724,6.0,4.0,4.0,0.0,,Only some
HH00725,6.0,2.0,0.0,0.0,1.0,No
HH00726,0.0,1.0,5.0,3.0,2.0,Only some
HH00727,3.0,3.0,,1.0,3.0,Only some
HH00728,2.0,2.0,1.0,3.0,3.0,Yes mostly
HH00729,7.0,2.0,2.0,4.0,1.0,Yes fully
HH00730,4.0,4.0,3.0,4.0,2.0,No
HH00731,4.0,3.0,3.0,1.0,2.0,Only some
HH00732,3.0,1.0,0.0,4.0,3.0,No
HH00733,0.0,1.0,5.0,,1.0,Only some
HH00734,4.0,3.0,5.0,2.0,3.0,Yes mostly
HH00735,4.0,1.0,2.0,0.0,3.0,Yes fully
HH00736,3.0,1.0,3.0,3.0,3.0,Yes mostly
HH00737,5.0,1.0,1.0,4.0,4.0,Only some
HH00738,3.0,3.0,4.0,2.0,2.0,No
HH00739,5.0,2.0,3.0,4.0,2.0,Only some
HH00740,2.0,2.0,1.0,5.0,3.0,Yes mostly
HH00741,6.0,0.0,1.0,4.0,3.0,Yes mostly
HH00742,7.0,0.0,0.0,5.0,4.0,Yes fully
HH00743,3.0,4.0,4.0,1.0,2.0,Yes mostly
HH00744,0.0,5.0,0.0,2.0,3.0,No
HH00745,5.0,1.0,3.0,3.0,0.0,Only some
HH00746,7.0,5.0,4.0,1.0,2.0,Yes mostly
HH00747,5.0,3.0,0.0,6.0,1.0,No
HH00748,2.0,1.0,0.0,4.0,4.0,Yes fully
HH00749,4.0,3.0,4.0,2.0,0.0,No
HH00750,2.0,0.0,4.0,5.0,3.0,Only some
HH00751,6.0,2.0,0.0,6.0,4.0,Yes fully
HH00752,5.0,4.0,1.0,0.0,2.0,Only some
HH00753,5.0,5.0,3.0,3.0,3.0,Yes fully
HH00754,3.0,1.0,3.0,2.0,2.0,Only some
HH00755,1.0,5.0,3.0,5.0,3.0,Yes mostly
HH00756,4.0,3.0,1.0,2.0,3.0,Yes mostly
HH00757,2.0,1.0,3.0,2.0,1.0,Only some
HH00758,7.0,4.0,0.0,5.0,3.0,Yes mostly
HH00759,0.0,5.0,5.0,6.0,4.0,Yes fully
HH00760,6.0,1.0,3.0,1.0,1.0,Only some
HH00761,6.0,0.0,2.0,4.0,1.0,Yes mostly
HH00762,4.0,1.0,2.0,5.0,1.0,Only some
HH00763,7.0,4.0,2.0,1.0,4.0,Only some
HH00764,5.0,0.0,,4.0,4.0,Yes fully
HH00765,0.0,1.0,1.0,6.0,1.0,No
HH00766,3.0,1.0,3.0,5.0,4.0,Yes mostly
HH00767,6.0,0.0,1.0,1.0,3.0,Yes mostly
HH00768,6.0,3.0,1.0,6.0,,Yes mostly
HH00769,1.0,4.0,5.0,2.0,4.0,Only some
HH00770,1.0,0.0,3.0,3.0,4.0,Yes fully
HH00771,7.0,5.0,5.0,2.0,4.0,Yes mostly
HH00772,0.0,5.0,3.0,4.0,2.0,Yes mostly
HH00773,7.0,5.0,4.0,0.0,1.0,Only some
HH00774,4.0,4.0,0.0,4.0,0.0,Yes mostly
HH00775,6.0,2.0,3.0,0.0,4.0,Yes mostly
HH00776,1.0,1.0,2.0,5.0,3.0,Yes mostly
HH00777,2.0,5.0,0.0,2.0,3.0,Yes mostly
HH00778,5.0,,0.0,3.0,0.0,Only some
HH00779,1.0,2.0,1.0,1.0,4.0,Yes mostly
HH00780,0.0,2.0,0.0,0.0,0.0,Yes mostly
HH00781,4.0,1.0,2.0,0.0,2.0,Yes mostly
HH00782,0.0,2.0,0.0,6.0,4.0,Only some
HH00783,7.0,4.0,4.0,0.0,1.0,Only some
HH00784,5.0,3.0,3.0,0.0,2.0,Yes mostly
HH00785,,2.0,5.0,3.0,4.0,Only some
HH00786,4.0,0.0,0.0,6.0,1.0,Only some
HH00787,4.0,2.0,0.0,0.0,0.0,Yes fully
HH00788,7.0,1.0,5.0,1.0,2.0,Yes mostly
HH00789,0.0,2.0,2.0,3.0,3.0,Yes mostly
HH00790,1.0,0.0,4.0,3.0,2.0,Only some
HH00791,5.0,5.0,1.0,1.0,2.0,Yes mostly
HH00792,0.0,1.0,0.0,6.0,3.0,Yes mostly
HH00793,1.0,0.0,2.0,2.0,0.0,Yes mostly
HH00794,0.0,3.0,3.0,4.0,1.0,Only some
HH00795,0.0,2.0,0.0,3.0,4.0,Only some
HH00796,3.0,5.0,0.0,4.0,1.0,Yes mostly
HH00797,5.0,2.0,1.0,6.0,4.0,Yes mostly
HH00798,0.0,3.0,0.0,2.0,2.0,Only some
HH00799,7.0,5.0,5.0,5.0,4.0,Only some
HH00800,6.0,5.0,5.0,2.0,3.0,No
HH00801,5.0,4.0,0.0,2.0,2.0,Only some
HH00802,0.0,3.0,2.0,0.0,4.0,Yes mostly
HH00803,4.0,4.0,2.0,2.0,1.0,Yes fully
HH00804,7.0,1.0,0.0,4.0,1.0,No
HH00805,1.0,5.0,3.0,4.0,3.0,Only some
HH00806,4.0,5.0,5.0,3.0,4.0,Yes fully
HH00807,4.0,2.0,3.0,2.0,0.0,Yes mostly
HH00808,5.0,0.0,5.0,1.0,4.0,Only some
HH00809,7.0,4.0,3.0,6.0,2.0,Yes mostly
HH00810,1.0,0.0,3.0,2.0,1.0,Only some
HH00811,0.0,0.0,5.0,2.0,0.0,Only some
HH00812,0.0,5.0,4.0,6.0,0.0,Yes mostly
HH00813,2.0,3.0,4.0,4.0,2.0,No
HH00814,2.0,3.0,4.0,5.0,3.0,No
HH00815,7.0,5.0,0.0,2.0,0.0,Yes mostly
HH00816,4.0,5.0,4.0,3.0,4.0,Yes mostly
HH00817,5.0,5.0,4.0,5.0,2.0,No
HH00818,4.0,0.0,2.0,6.0,0.0,Yes mostly
HH00819,7.0,1.0,3.0,5.0,4.0,No
HH00820,2.0,4.0,4.0,3.0,0.0,Yes mostly
HH00821,5.0,0.0,0.0,4.0,3.0,Only some
HH00822,2.0,1.0,3.0,2.0,3.0,Only some
HH00823,1.0,3.0,4.0,3.0,4.0,Yes mostly
HH00824,7.0,2.0,1.0,2.0,4.0,Only some
HH00825,0.0,1.0,1.0,0.0,4.0,Yes fully
HH00826,2.0,5.0,0.0,6.0,0.0,Yes mostly
HH00827,3.0,2.0,1.0,0.0,1.0,Yes mostly
HH00828,1.0,2.0,2.0,1.0,1.0,Yes fully
HH00829,6.0,3.0,5.0,1.0,1.0,Yes fully
HH00830,2.0,4.0,0.0,1.0,1.0,Yes mostly
HH00831,3.0,2.0,3.0,3.0,1.0,Yes mostly
HH00832,2.0,5.0,0.0,6.0,4.0,Yes fully
HH00833,7.0,1.0,4.0,2.0,4.0,Yes fully
HH00834,3.0,5.0,2.0,5.0,3.0,Only some
HH00835,6.0,5.0,2.0,5.0,2.0,Yes fully
HH00836,4.0,0.0,5.0,5.0,2.0,Only some
HH00837,7.0,4.0,4.0,4.0,3.0,Yes fully
HH00838,4.0,0.0,0.0,5.0,4.0,Yes fully
HH00839,7.0,2.0,1.0,5.0,2.0,Yes mostly
HH00840,5.0,5.0,1.0,4.0,2.0,Yes mostly
HH00841,0.0,1.0,3.0,3.0,4.0,Only some
HH00842,1.0,3.0,4.0,0.0,4.0,Only some
HH00843,6.0,4.0,3.0,3.0,1.0,Yes mostly
HH00844,0.0,2.0,2.0,5.0,1.0,Yes fully
HH00845,1.0,0.0,4.0,2.0,1.0,Only some
HH00846,6.0,0.0,4.0,1.0,0.0,Yes fully
HH00847,2.0,3.0,0.0,,3.0,Only some
HH00848,1.0,0.0,3.0,0.0,2.0,Only some
HH00849,1.0,,4.0,5.0,0.0,Yes mostly
HH00850,2.0,5.0,3.0,6.0,1.0,Yes mostly
HH00851,6.0,3.0,1.0,3.0,2.0,Yes mostly
HH00852,3.0,2.0,0.0,0.0,4.0,Only some
HH00853,7.0,0.0,1.0,1.0,3.0,No
HH00854,5.0,4.0,2.0,0.0,2.0,Yes mostly
HH00855,2.0,3.0,5.0,3.0,0.0,No
HH00856,1.0,1.0,3.0,2.0,1.0,Yes mostly
HH00857,7.0,4.0,5.0,5.0,3.0,Yes fully
HH00858,7.0,1.0,0.0,5.0,3.0,Yes mostly
HH00859,0.0,3.0,4.0,3.0,4.0,No
HH00860,2.0,3.0,1.0,6.0,2.0,Yes mostly
HH00861,5.0,1.0,3.0,3.0,1.0,Only some
HH00862,7.0,5.0,2.0,0.0,2.0,Yes mostly
HH00863,7.0,4.0,5.0,6.0,4.0,No
HH00864,2.0,1.0,4.0,2.0,0.0,Only some
HH00865,7.0,0.0,2.0,6.0,4.0,Only some
HH00866,5.0,1.0,3.0,5.0,4.0,Only some
HH00867,3.0,2.0,4.0,6.0,4.0,Yes mostly
HH00868,3.0,3.0,4.0,4.0,3.0,No
HH00869,6.0,2.0,3.0,4.0,2.0,Only some
HH00870,6.0,0.0,4.0,1.0,4.0,Yes mostly
HH00871,7.0,4.0,4.0,1.0,0.0,No
HH00872,3.0,2.0,0.0,2.0,,Only some
HH00873,2.0,2.0,2.0,2.0,2.0,Only some
HH00874,6.0,3.0,5.0,4.0,2.0,Only some
HH00875,2.0,5.0,1.0,6.0,2.0,Yes mostly
HH00876,6.0,0.0,4.0,0.0,0.0,Yes mostly
HH00877,4.0,,3.0,4.0,4.0,Yes fully
HH00878,4.0,3.0,1.0,5.0,3.0,No
HH00879,1.0,3.0,2.0,3.0,3.0,Only some
HH00880,1.0,0.0,2.0,1.0,0.0,Only some
HH00881,5.0,4.0,0.0,3.0,3.0,Yes mostly
HH00882,2.0,4.0,1.0,5.0,4.0,No
HH00883,5.0,3.0,4.0,6.0,4.0,Yes mostly
HH00884,7.0,4.0,5.0,4.0,1.0,Yes mostly
HH00885,0.0,5.0,5.0,3.0,0.0,No
HH00886,7.0,5.0,2.0,4.0,1.0,Only some
HH00887,1.0,1.0,4.0,4.0,0.0,No
HH00888,1.0,4.0,2.0,5.0,2.0,Only some
HH00889,6.0,0.0,4.0,1.0,2.0,Yes mostly
HH00890,1.0,3.0,5.0,0.0,2.0,Yes mostly
HH00891,5.0,0.0,2.0,2.0,4.0,No
HH00892,0.0,1.0,3.0,1.0,3.0,Yes mostly
HH00893,0.0,4.0,5.0,4.0,2.0,Only some
HH00894,1.0,2.0,0.0,3.0,3.0,Yes fully
HH00895,4.0,5.0,1.0,,1.0,Yes mostly
HH00896,2.0,,3.0,5.0,3.0,Only some
HH00897,1.0,5.0,1.0,1.0,4.0,No
HH00898,6.0,4.0,4.0,5.0,4.0,Yes mostly
HH00899,1.0,2.0,1.0,5.0,2.0,Yes fully
HH00900,0.0,0.0,2.0,2.0,2.0,Yes fully
HH00901,0.0,0.0,4.0,0.0,1.0,Yes fully
HH00902,7.0,2.0,3.0,5.0,2.0,Only some
HH00903,3.0,3.0,4.0,1.0,4.0,Yes mostly
HH00904,7.0,3.0,3.0,1.0,4.0,Yes mostly
HH00905,6.0,1.0,3.0,3.0,3.0,Only some
HH00906,2.0,3.0,3.0,0.0,1.0,Only some
HH00907,6.0,3.0,4.0,2.0,1.0,Yes mostly
HH00908,3.0,2.0,5.0,1.0,1.0,No
HH00909,4.0,1.0,0.0,0.0,0.0,Yes mostly
HH00910,4.0,2.0,3.0,6.0,0.0,Yes mostly
HH00911,6.0,4.0,4.0,1.0,3.0,No
HH00912,1.0,3.0,3.0,3.0,3.0,Yes fully
HH00913,0.0,0.0,2.0,5.0,0.0,No
HH00914,5.0,5.0,4.0,3.0,3.0,Only some
HH00915,7.0,1.0,2.0,2.0,0.0,No
HH00916,4.0,4.0,0.0,5.0,1.0,Yes fully
HH00917,0.0,0.0,1.0,4.0,1.0,Yes mostly
HH00918,0.0,1.0,0.0,0.0,0.0,No
HH00919,4.0,3.0,4.0,5.0,3.0,Only some
HH00920,7.0,5.0,5.0,0.0,0.0,No
HH00921,4.0,3.0,2.0,5.0,,Yes mostly
HH00922,2.0,0.0,4.0,0.0,2.0,Only some
HH00923,4.0,5.0,5.0,0.0,2.0,Yes mostly
HH00924,1.0,1.0,2.0,0.0,0.0,Yes mostly
HH00925,3.0,2.0,5.0,5.0,2.0,Yes mostly
HH00926,7.0,0.0,,3.0,3.0,Only some
HH00927,5.0,4.0,4.0,4.0,1.0,Yes mostly
HH00928,0.0,2.0,0.0,1.0,4.0,Yes mostly
HH00929,1.0,1.0,4.0,0.0,2.0,Only some
HH00930,0.0,3.0,0.0,5.0,3.0,No
HH00931,3.0,1.0,4.0,5.0,0.0,Yes mostly
HH00932,1.0,3.0,2.0,5.0,4.0,Only some
HH00933,7.0,3.0,,0.0,2.0,No
HH00934,2.0,4.0,3.0,6.0,4.0,Yes mostly
HH00935,0.0,4.0,5.0,,3.0,Only some
HH00936,3.0,3.0,0.0,1.0,3.0,No
HH00937,5.0,0.0,1.0,1.0,0.0,Only some
HH00938,5.0,1.0,3.0,3.0,2.0,Yes fully
HH00939,7.0,3.0,0.0,4.0,3.0,Only some
HH00940,2.0,3.0,5.0,0.0,4.0,Only some
HH00941,4.0,3.0,3.0,3.0,1.0,Only some
HH00942,4.0,4.0,5.0,1.0,2.0,Yes fully
HH00943,0.0,5.0,2.0,6.0,0.0,Yes fully
HH00944,0.0,3.0,4.0,4.0,2.0,Only some
HH00945,6.0,0.0,1.0,2.0,2.0,Yes mostly
HH00946,3.0,2.0,2.0,2.0,0.0,No
HH00947,5.0,1.0,2.0,5.0,4.0,Yes mostly
HH00948,7.0,3.0,3.0,4.0,3.0,Only some
HH00949,1.0,3.0,1.0,2.0,0.0,Yes fully
HH00950,6.0,3.0,3.0,5.0,4.0,Only some
HH00951,1.0,,5.0,4.0,3.0,No
HH00952,5.0,1.0,0.0,0.0,3.0,Yes mostly
HH00953,1.0,1.0,4.0,4.0,4.0,Yes mostly
HH00954,2.0,5.0,5.0,6.0,2.0,No
HH00955,3.0,2.0,0.0,6.0,1.0,Only some
HH00956,3.0,1.0,4.0,0.0,3.0,Only some
HH00957,0.0,5.0,2.0,6.0,4.0,Yes mostly
HH00958,6.0,0.0,3.0,6.0,4.0,No
HH00959,0.0,2.0,1.0,1.0,3.0,Only some
HH00960,7.0,4.0,1.0,4.0,3.0,Yes mostly
HH00961,1.0,2.0,1.0,5.0,0.0,Yes mostly
HH00962,5.0,5.0,0.0,0.0,2.0,Yes fully
HH00963,5.0,2.0,2.0,5.0,1.0,Only some
HH00964,3.0,3.0,5.0,2.0,1.0,Only some
HH00965,4.0,2.0,4.0,2.0,4.0,Yes mostly
HH00966,0.0,2.0,1.0,1.0,1.0,Yes mostly
HH00967,7.0,2.0,3.0,3.0,4.0,Yes mostly
HH00968,0.0,5.0,0.0,5.0,4.0,Yes fully
HH00969,5.0,4.0,0.0,5.0,2.0,No
HH00970,0.0,2.0,3.0,1.0,0.0,Only some
HH00971,,2.0,1.0,5.0,3.0,Yes mostly
HH00972,2.0,2.0,4.0,5.0,4.0,Yes fully
HH00973,3.0,4.0,0.0,0.0,2.0,Yes fully
HH00974,0.0,3.0,0.0,2.0,,Only some
HH00975,1.0,3.0,4.0,0.0,2.0,Yes mostly
HH00976,3.0,2.0,1.0,6.0,4.0,Yes mostly
HH00977,5.0,2.0,0.0,3.0,2.0,No
HH00978,4.0,3.0,4.0,1.0,2.0,Only some
HH00979,2.0,4.0,4.0,6.0,2.0,Only some
HH00980,4.0,5.0,5.0,4.0,3.0,Yes fully
HH00981,1.0,0.0,3.0,6.0,1.0,Yes mostly
HH00982,4.0,1.0,2.0,5.0,3.0,No
HH00983,4.0,4.0,4.0,6.0,4.0,Only some
HH00984,1.0,0.0,4.0,1.0,3.0,Only some
HH00985,1.0,3.0,3.0,1.0,4.0,Only some
HH00986,4.0,2.0,1.0,0.0,3.0,Yes mostly
HH00987,4.0,1.0,5.0,2.0,4.0,Only some
HH00988,7.0,3.0,4.0,3.0,0.0,Yes fully
HH00989,3.0,3.0,5.0,3.0,1.0,Yes mostly
HH00990,3.0,4.0,3.0,4.0,1.0,Yes mostly
HH00991,3.0,4.0,2.0,5.0,4.0,Yes fully
HH00992,6.0,5.0,5.0,5.0,1.0,Yes mostly
HH00993,2.0,2.0,3.0,3.0,4.0,Yes fully
HH00994,3.0,4.0,4.0,1.0,3.0,Yes mostly
HH00995,2.0,4.0,5.0,3.0,0.0,No
HH00996,4.0,5.0,1.0,6.0,3.0,No
HH00997,,3.0,1.0,5.0,1.0,Yes fully
HH00998,3.0,1.0,0.0,6.0,1.0,Yes mostly
HH00999,2.0,2.0,3.0,3.0,4.0,Only some
HH01000,5.0,1.0,4.0,5.0,3.0,Yes fully
HH01001,2.0,1.0,5.0,2.0,3.0,Only some
HH01002,7.0,1.0,0.0,0.0,1.0,Yes fully
HH01003,4.0,2.0,0.0,5.0,3.0,Only some
HH01004,3.0,4.0,4.0,0.0,1.0,Yes mostly
HH01005,1.0,1.0,1.0,4.0,3.0,Only some
HH01006,6.0,1.0,2.0,6.0,1.0,Yes mostly
HH01007,4.0,0.0,0.0,0.0,3.0,Yes fully
HH01008,7.0,1.0,0.0,5.0,,Yes mostly
HH01009,5.0,2.0,3.0,6.0,1.0,Yes mostly
HH01010,6.0,2.0,4.0,4.0,0.0,No
HH01011,0.0,2.0,5.0,4.0,0.0,Yes mostly
HH01012,0.0,1.0,2.0,6.0,4.0,Yes fully
HH01013,5.0,2.0,3.0,5.0,4.0,Only some
HH01014,0.0,3.0,5.0,0.0,3.0,Yes mostly
HH01015,7.0,0.0,2.0,5.0,0.0,No
HH01016,,5.0,1.0,5.0,2.0,Only some
HH01017,4.0,1.0,4.0,1.0,2.0,Yes fully
HH01018,5.0,0.0,0.0,4.0,1.0,Only some
HH01019,3.0,1.0,1.0,5.0,1.0,Only some
HH01020,7.0,3.0,0.0,5.0,3.0,Yes mostly
HH01021,0.0,3.0,3.0,6.0,4.0,Only some
HH01022,2.0,0.0,1.0,5.0,4.0,Yes mostly
HH01023,5.0,2.0,2.0,0.0,1.0,Yes mostly
HH01024,6.0,1.0,3.0,3.0,2.0,Only some
HH01025,1.0,5.0,1.0,1.0,2.0,Only some
HH01026,6.0,1.0,2.0,0.0,1.0,Only some
HH01027,3.0,5.0,2.0,1.0,2.0,Yes mostly
HH01028,6.0,3.0,0.0,6.0,1.0,Only some
HH01029,2.0,5.0,5.0,4.0,0.0,Yes mostly
HH01030,5.0,3.0,5.0,5.0,2.0,Only some
HH01031,1.0,0.0,4.0,3.0,1.0,Yes mostly
HH01032,1.0,,0.0,2.0,1.0,Only some
HH01033,5.0,2.0,2.0,3.0,3.0,Yes mostly
HH01034,5.0,4.0,2.0,6.0,3.0,Yes mostly
HH01035,2.0,2.0,0.0,2.0,0.0,Yes fully
HH01036,4.0,1.0,5.0,2.0,1.0,Yes mostly
HH01037,7.0,0.0,2.0,5.0,0.0,Yes fully
HH01038,2.0,4.0,3.0,2.0,4.0,Yes mostly
HH01039,4.0,1.0,4.0,6.0,4.0,Yes mostly
HH01040,1.0,4.0,1.0,6.0,2.0,Only some
HH01041,4.0,0.0,2.0,0.0,4.0,No
HH01042,7.0,0.0,5.0,4.0,3.0,No
HH01043,5.0,4.0,4.0,0.0,4.0,No
HH01044,1.0,2.0,3.0,6.0,4.0,No
HH01045,5.0,3.0,3.0,0.0,2.0,Yes fully
HH01046,3.0,0.0,0.0,6.0,2.0,Yes mostly
HH01047,0.0,1.0,1.0,5.0,3.0,Yes mostly
HH01048,4.0,0.0,0.0,3.0,0.0,Yes fully
HH01049,,1.0,4.0,1.0,1.0,Only some
HH01050,7.0,1.0,5.0,1.0,2.0,No
HH01051,7.0,2.0,0.0,3.0,1.0,Only some
HH01052,5.0,1.0,1.0,5.0,2.0,No
HH01053,5.0,2.0,2.0,6.0,4.0,Only some
HH01054,2.0,5.0,4.0,3.0,3.0,Yes mostly
HH01055,0.0,0.0,2.0,1.0,4.0,Yes fully
HH01056,0.0,5.0,0.0,3.0,4.0,No
HH01057,3.0,2.0,3.0,5.0,1.0,Only some
HH01058,2.0,3.0,0.0,3.0,3.0,Yes mostly
HH01059,7.0,4.0,3.0,6.0,1.0,Yes fully
HH01060,2.0,4.0,5.0,0.0,,Only some
HH01061,1.0,5.0,0.0,3.0,0.0,Only some
HH01062,6.0,5.0,5.0,0.0,1.0,Only some
HH01063,6.0,0.0,3.0,4.0,4.0,No
HH01064,3.0,2.0,0.0,4.0,1.0,Yes mostly
HH01065,0.0,3.0,1.0,2.0,3.0,No
HH01066,0.0,3.0,1.0,5.0,1.0,Only some
HH01067,4.0,5.0,5.0,6.0,1.0,Only some
HH01068,6.0,3.0,4.0,3.0,3.0,No
HH01069,3.0,2.0,2.0,3.0,3.0,Only some
HH01070,0.0,,3.0,1.0,1.0,Yes mostly
HH01071,2.0,4.0,2.0,0.0,4.0,No
HH01072,0.0,4.0,2.0,2.0,0.0,Yes mostly
HH01073,3.0,3.0,3.0,3.0,0.0,Yes fully
HH01074,3.0,0.0,1.0,5.0,4.0,Only some
HH01075,5.0,5.0,4.0,6.0,0.0,Yes mostly
HH01076,0.0,4.0,5.0,0.0,1.0,Yes mostly
HH01077,3.0,0.0,5.0,1.0,0.0,Yes mostly
HH01078,1.0,1.0,1.0,3.0,1.0,Yes fully
HH01079,3.0,2.0,2.0,2.0,0.0,Yes fully
HH01080,7.0,1.0,1.0,4.0,1.0,Only some
HH01081,5.0,3.0,3.0,2.0,1.0,Yes mostly
HH01082,6.0,3.0,1.0,2.0,0.0,Only some
HH01083,0.0,1.0,2.0,3.0,3.0,Only some
HH01084,6.0,4.0,0.0,4.0,0.0,Yes mostly
HH01085,6.0,1.0,3.0,0.0,2.0,Yes mostly
HH01086,5.0,0.0,3.0,6.0,1.0,Yes mostly
HH01087,6.0,5.0,3.0,2.0,3.0,No
HH01088,0.0,1.0,2.0,1.0,1.0,No
HH01089,5.0,1.0,4.0,4.0,2.0,Yes mostly
HH01090,6.0,4.0,3.0,0.0,4.0,Yes fully
HH01091,1.0,4.0,1.0,4.0,0.0,Only some
HH01092,3.0,0.0,2.0,0.0,2.0,Yes mostly
HH01093,3.0,0.0,3.0,1.0,2.0,Yes mostly
HH01094,0.0,5.0,0.0,5.0,3.0,Yes mostly
HH01095,1.0,3.0,2.0,2.0,2.0,Only some
HH01096,2.0,2.0,5.0,6.0,3.0,Yes mostly
HH01097,0.0,2.0,2.0,2.0,3.0,No
HH01098,4.0,3.0,3.0,4.0,,Yes mostly
HH01099,0.0,4.0,4.0,0.0,3.0,Yes mostly
HH01100,0.0,0.0,1.0,6.0,4.0,No
HH01101,5.0,1.0,4.0,4.0,0.0,Yes mostly
HH01102,2.0,5.0,0.0,4.0,2.0,Yes fully
HH01103,3.0,1.0,2.0,2.0,4.0,Yes fully
HH01104,2.0,5.0,3.0,2.0,0.0,Only some
HH01105,3.0,2.0,1.0,3.0,4.0,Only some
HH01106,3.0,1.0,4.0,1.0,0.0,Yes mostly
HH01107,1.0,3.0,0.0,0.0,3.0,Yes fully
HH01108,0.0,3.0,3.0,4.0,0.0,Yes fully
HH01109,3.0,2.0,3.0,5.0,3.0,Yes mostly
HH01110,4.0,4.0,4.0,4.0,4.0,Yes mostly
HH01111,6.0,0.0,1.0,3.0,4.0,Yes mostly
HH01112,1.0,0.0,,3.0,2.0,Yes mostly
HH01113,0.0,3.0,3.0,6.0,,Only some
HH01114,4.0,3.0,5.0,3.0,0.0,Only some
HH01115,7.0,4.0,4.0,4.0,1.0,Only some
HH01116,1.0,5.0,1.0,2.0,0.0,Only some
HH01117,0.0,5.0,2.0,0.0,3.0,Yes mostly
HH01118,3.0,3.0,1.0,2.0,4.0,Only some
HH01119,4.0,3.0,4.0,5.0,4.0,Yes fully
HH01120,4.0,5.0,3.0,,2.0,Only some
HH01121,,5.0,2.0,4.0,0.0,Yes mostly
HH01122,5.0,0.0,0.0,5.0,0.0,Only some
HH01123,2.0,3.0,3.0,1.0,3.0,No
HH01124,0.0,5.0,2.0,5.0,4.0,Yes mostly
HH01125,7.0,0.0,0.0,5.0,4.0,Yes fully
HH01126,4.0,5.0,1.0,,3.0,No
HH01127,2.0,4.0,4.0,3.0,4.0,Yes mostly
HH01128,6.0,0.0,4.0,6.0,2.0,Yes mostly
HH01129,6.0,3.0,2.0,1.0,0.0,Yes mostly
HH01130,1.0,2.0,4.0,2.0,2.0,Yes mostly
HH01131,7.0,2.0,4.0,1.0,0.0,Yes mostly
HH01132,4.0,3.0,3.0,2.0,3.0,Only some
HH01133,2.0,4.0,1.0,1.0,1.0,Only some
HH01134,3.0,5.0,2.0,5.0,1.0,Yes mostly
HH01135,1.0,2.0,4.0,6.0,0.0,Only some
HH01136,6.0,0.0,1.0,6.0,4.0,Only some
HH01137,2.0,5.0,3.0,2.0,2.0,Yes fully
HH01138,3.0,2.0,4.0,6.0,3.0,Only some
HH01139,0.0,4.0,3.0,0.0,2.0,Yes fully
HH01140,7.0,4.0,3.0,0.0,3.0,Yes mostly
HH01141,2.0,0.0,1.0,2.0,2.0,Only some
HH01142,5.0,2.0,2.0,2.0,3.0,Only some
HH01143,2.0,0.0,0.0,6.0,0.0,No
HH01144,4.0,3.0,0.0,5.0,4.0,Yes mostly
HH01145,4.0,4.0,3.0,5.0,2.0,Yes fully
HH01146,2.0,3.0,1.0,5.0,0.0,Yes fully
HH01147,3.0,1.0,2.0,5.0,4.0,Yes mostly
HH01148,4.0,5.0,2.0,3.0,0.0,Yes mostly
HH01149,1.0,0.0,2.0,0.0,2.0,Yes mostly
HH01150,1.0,0.0,4.0,0.0,3.0,Only some
HH01151,1.0,2.0,2.0,6.0,1.0,Yes fully
HH01152,3.0,5.0,5.0,3.0,1.0,Yes fully
HH01153,1.0,5.0,2.0,6.0,1.0,Yes fully
HH01154,2.0,3.0,5.0,0.0,3.0,Only some
HH01155,5.0,5.0,5.0,4.0,2.0,Yes mostly
HH01156,5.0,5.0,2.0,1.0,2.0,Yes fully
HH01157,7.0,3.0,4.0,2.0,2.0,Yes mostly
HH01158,6.0,0.0,2.0,4.0,1.0,Yes mostly
HH01159,3.0,5.0,5.0,3.0,4.0,Yes mostly
HH01160,7.0,3.0,4.0,0.0,1.0,Only some
HH01161,7.0,0.0,2.0,6.0,4.0,Yes mostly
HH01162,1.0,5.0,1.0,4.0,3.0,Yes fully
HH01163,1.0,2.0,5.0,2.0,0.0,Yes mostly
HH01164,7.0,4.0,3.0,4.0,0.0,Yes fully
HH01165,7.0,1.0,4.0,1.0,2.0,No
HH01166,6.0,0.0,4.0,3.0,0.0,Only some
HH01167,3.0,2.0,0.0,2.0,4.0,Yes mostly
HH01168,6.0,2.0,1.0,2.0,2.0,Only some
HH01169,6.0,5.0,5.0,3.0,4.0,Yes mostly
HH01170,5.0,0.0,1.0,6.0,0.0,Yes mostly
HH01171,4.0,5.0,5.0,0.0,0.0,Yes mostly
HH01172,2.0,0.0,2.0,3.0,3.0,Only some
HH01173,5.0,5.0,5.0,6.0,4.0,Only some
HH01174,7.0,4.0,3.0,6.0,4.0,Yes mostly
HH01175,7.0,2.0,0.0,6.0,3.0,Only some
HH01176,4.0,5.0,1.0,2.0,3.0,Yes fully
HH01177,0.0,2.0,5.0,3.0,0.0,Yes mostly
HH01178,5.0,3.0,1.0,4.0,3.0,Yes fully
HH01179,2.0,0.0,1.0,5.0,3.0,Yes mostly
HH01180,1.0,0.0,0.0,,1.0,Yes mostly
HH01181,0.0,2.0,3.0,1.0,4.0,No
HH01182,1.0,1.0,,0.0,4.0,Yes mostly
HH01183,3.0,1.0,5.0,1.0,4.0,Yes mostly
HH01184,2.0,2.0,5.0,1.0,4.0,Yes fully
HH01185,3.0,3.0,5.0,2.0,2.0,Yes fully
HH01186,4.0,0.0,5.0,6.0,4.0,Yes mostly
HH01187,4.0,4.0,3.0,1.0,0.0,Yes fully
HH01188,3.0,5.0,4.0,2.0,1.0,Yes mostly
HH01189,3.0,5.0,3.0,2.0,3.0,Yes fully
HH01190,7.0,1.0,0.0,1.0,0.0,Yes fully
HH01191,2.0,5.0,0.0,1.0,4.0,Only some
HH01192,0.0,0.0,0.0,6.0,0.0,No
HH01193,6.0,0.0,2.0,4.0,1.0,Yes fully
HH01194,0.0,4.0,2.0,0.0,1.0,Only some
HH01195,6.0,4.0,3.0,4.0,2.0,Only some
HH01196,2.0,0.0,3.0,4.0,0.0,Only some
HH01197,,2.0,2.0,2.0,4.0,Only some
HH01198,1.0,2.0,4.0,5.0,4.0,Yes mostly
HH01199,1.0,4.0,5.0,5.0,3.0,No
HH01200,3.0,3.0,1.0,5.0,0.0,Yes fully
HH01201,3.0,3.0,1.0,4.0,,Yes mostly
HH01202,5.0,0.0,5.0,3.0,1.0,Only some
HH01203,5.0,5.0,5.0,1.0,3.0,No
HH01204,7.0,3.0,1.0,0.0,4.0,Yes mostly
HH01205,5.0,4.0,3.0,6.0,4.0,No
HH01206,1.0,2.0,3.0,5.0,4.0,Only some
HH01207,0.0,1.0,3.0,1.0,3.0,Only some
HH01208,2.0,4.0,5.0,5.0,1.0,Only some
HH01209,7.0,1.0,0.0,0.0,1.0,Only some
HH01210,6.0,1.0,3.0,1.0,1.0,Yes mostly
HH01211,5.0,3.0,1.0,1.0,0.0,Only some
HH01212,2.0,2.0,4.0,2.0,4.0,Yes fully
HH01213,3.0,5.0,3.0,2.0,2.0,No
HH01214,5.0,3.0,4.0,3.0,4.0,Only some
HH01215,7.0,2.0,5.0,3.0,4.0,Only some
HH01216,4.0,0.0,4.0,0.0,3.0,Yes fully
HH01217,0.0,2.0,5.0,1.0,0.0,Yes mostly
HH01218,6.0,0.0,4.0,5.0,2.0,Yes mostly
HH01219,7.0,1.0,3.0,3.0,2.0,Yes mostly
HH01220,0.0,1.0,2.0,6.0,3.0,Only some
HH01221,3.0,3.0,2.0,0.0,2.0,No
HH01222,7.0,0.0,2.0,2.0,3.0,Only some
HH01223,7.0,0.0,3.0,1.0,0.0,Yes mostly
HH01224,7.0,0.0,4.0,6.0,0.0,No
HH01225,7.0,5.0,2.0,1.0,4.0,No
HH01226,0.0,5.0,3.0,5.0,2.0,Only some
HH01227,1.0,1.0,2.0,1.0,4.0,Yes mostly
HH01228,3.0,2.0,3.0,5.0,4.0,Only some
HH01229,4.0,1.0,4.0,3.0,0.0,Yes mostly
HH01230,3.0,3.0,2.0,6.0,3.0,Yes fully
HH01231,2.0,3.0,2.0,0.0,0.0,Only some
HH01232,2.0,1.0,1.0,2.0,0.0,Only some
HH01233,4.0,3.0,2.0,5.0,1.0,Yes mostly
HH01234,7.0,0.0,2.0,6.0,3.0,No
HH01235,6.0,3.0,0.0,3.0,0.0,No
HH01236,1.0,4.0,5.0,0.0,3.0,Only some
HH01237,1.0,0.0,5.0,4.0,1.0,Yes fully
HH01238,2.0,4.0,1.0,3.0,1.0,Yes fully
HH01239,5.0,4.0,5.0,5.0,1.0,Only some
HH01240,0.0,5.0,1.0,3.0,1.0,Only some
HH01241,5.0,4.0,2.0,6.0,1.0,Yes mostly
HH01242,4.0,0.0,0.0,0.0,1.0,Yes fully
HH01243,5.0,0.0,3.0,4.0,2.0,Yes fully
HH01244,6.0,0.0,2.0,5.0,4.0,Yes mostly
HH01245,4.0,,1.0,2.0,2.0,Only some
HH01246,4.0,4.0,1.0,3.0,0.0,Yes mostly
HH01247,3.0,3.0,5.0,4.0,3.0,Yes fully
HH01248,5.0,1.0,4.0,3.0,4.0,Yes mostly
HH01249,3.0,1.0,0.0,2.0,2.0,No
HH01250,0.0,0.0,0.0,4.0,2.0,Yes mostly
HH01251,0.0,2.0,0.0,5.0,3.0,Yes fully
HH01252,5.0,1.0,1.0,0.0,4.0,Only some
HH01253,5.0,1.0,4.0,6.0,0.0,No
HH01254,3.0,0.0,0.0,1.0,4.0,Yes fully
HH01255,5.0,1.0,1.0,0.0,4.0,Yes fully
HH01256,3.0,5.0,0.0,1.0,4.0,Only some
HH01257,2.0,1.0,3.0,0.0,2.0,Yes mostly
HH01258,4.0,5.0,4.0,6.0,4.0,No
HH01259,3.0,0.0,3.0,2.0,0.0,Only some
HH01260,7.0,3.0,5.0,5.0,2.0,Yes fully
HH01261,5.0,0.0,4.0,1.0,4.0,No
HH01262,5.0,2.0,4.0,3.0,1.0,Only some
HH01263,5.0,5.0,1.0,2.0,3.0,Yes mostly
HH01264,5.0,4.0,5.0,4.0,1.0,Yes mostly
HH01265,,,3.0,6.0,2.0,Only some
HH01266,3.0,3.0,0.0,4.0,3.0,No
HH01267,6.0,3.0,0.0,4.0,4.0,Yes fully
HH01268,0.0,4.0,5.0,1.0,1.0,Yes mostly
HH01269,5.0,3.0,1.0,0.0,3.0,No
HH01270,4.0,3.0,2.0,0.0,2.0,Yes mostly
HH01271,0.0,0.0,4.0,2.0,1.0,Yes fully
HH01272,5.0,5.0,4.0,3.0,0.0,Yes fully
HH01273,0.0,3.0,0.0,0.0,0.0,Only some
HH01274,5.0,1.0,3.0,1.0,3.0,Only some
HH01275,4.0,0.0,5.0,4.0,0.0,Yes fully
HH01276,4.0,3.0,2.0,6.0,0.0,Yes mostly
HH01277,4.0,4.0,,6.0,0.0,Only some
HH01278,2.0,4.0,1.0,1.0,1.0,Only some
HH01279,4.0,5.0,4.0,0.0,0.0,Yes fully
HH01280,1.0,5.0,0.0,4.0,2.0,Yes mostly
HH01281,6.0,3.0,3.0,6.0,4.0,Only some
HH01282,0.0,5.0,2.0,2.0,2.0,Yes fully
HH01283,1.0,0.0,3.0,6.0,3.0,Yes mostly
HH01284,5.0,2.0,2.0,5.0,4.0,No
HH01285,0.0,2.0,5.0,6.0,4.0,No
HH01286,7.0,4.0,5.0,6.0,3.0,Yes mostly
HH01287,0.0,1.0,1.0,0.0,0.0,No
HH01288,4.0,1.0,0.0,2.0,3.0,Only some
HH01289,7.0,5.0,2.0,0.0,3.0,No
HH01290,5.0,3.0,3.0,0.0,1.0,No
HH01291,5.0,3.0,4.0,3.0,0.0,Only some
HH01292,5.0,1.0,3.0,4.0,0.0,Yes mostly
HH01293,5.0,3.0,3.0,6.0,1.0,Yes fully
HH01294,1.0,2.0,0.0,0.0,3.0,Yes mostly
HH01295,2.0,3.0,4.0,0.0,4.0,Yes mostly
HH01296,1.0,5.0,1.0,0.0,0.0,Only some
HH01297,1.0,1.0,2.0,6.0,2.0,Yes fully
HH01298,1.0,4.0,2.0,4.0,4.0,Only some
HH01299,5.0,3.0,0.0,3.0,0.0,No
HH01300,7.0,2.0,2.0,0.0,4.0,Yes mostly
HH01301,4.0,5.0,2.0,2.0,0.0,Only some
HH01302,0.0,0.0,1.0,0.0,1.0,Only some
HH01303,5.0,4.0,1.0,0.0,0.0,Only some
HH01304,4.0,2.0,0.0,3.0,3.0,No
HH01305,6.0,4.0,5.0,3.0,2.0,Yes mostly
HH01306,3.0,0.0,1.0,3.0,,Yes mostly
HH01307,3.0,4.0,5.0,6.0,2.0,Yes mostly
HH01308,5.0,0.0,5.0,6.0,1.0,Yes mostly
HH01309,5.0,2.0,2.0,0.0,3.0,Yes mostly
HH01310,1.0,5.0,4.0,1.0,2.0,Only some
HH01311,4.0,3.0,1.0,3.0,3.0,Only some
HH01312,7.0,2.0,1.0,2.0,3.0,Yes mostly
HH01313,0.0,1.0,5.0,3.0,3.0,Yes mostly
HH01314,2.0,0.0,3.0,4.0,4.0,Yes mostly
HH01315,4.0,0.0,4.0,1.0,2.0,Yes mostly
HH01316,7.0,4.0,5.0,5.0,1.0,Yes mostly
HH01317,7.0,1.0,0.0,1.0,3.0,Yes mostly
HH01318,4.0,0.0,1.0,2.0,3.0,Only some
HH01319,4.0,2.0,5.0,1.0,2.0,No
HH01320,3.0,2.0,0.0,4.0,1.0,Yes mostly
HH01321,3.0,5.0,2.0,4.0,4.0,Only some
HH01322,5.0,1.0,0.0,4.0,1.0,No
HH01323,4.0,1.0,1.0,3.0,0.0,Yes fully
HH01324,4.0,0.0,1.0,2.0,3.0,Yes fully
HH01325,6.0,1.0,1.0,4.0,0.0,Yes fully
HH01326,1.0,3.0,4.0,0.0,3.0,Yes mostly
HH01327,7.0,1.0,1.0,2.0,4.0,Yes mostly
HH01328,5.0,4.0,4.0,4.0,3.0,Only some
HH01329,4.0,4.0,5.0,4.0,1.0,Yes mostly
HH01330,4.0,2.0,3.0,1.0,4.0,Yes fully
HH01331,4.0,1.0,3.0,2.0,0.0,Yes mostly
HH01332,4.0,,2.0,2.0,0.0,Yes fully
HH01333,2.0,5.0,4.0,6.0,1.0,Yes mostly
HH01334,5.0,5.0,4.0,4.0,2.0,Yes mostly
HH01335,2.0,5.0,,0.0,3.0,Yes fully
HH01336,5.0,4.0,,1.0,1.0,Yes fully
HH01337,4.0,4.0,4.0,0.0,4.0,Only some
HH01338,2.0,5.0,0.0,1.0,4.0,Yes mostly
HH01339,6.0,2.0,2.0,1.0,1.0,Only some
HH01340,2.0,5.0,0.0,3.0,0.0,Only some
HH01341,5.0,0.0,3.0,5.0,3.0,Yes mostly
HH01342,2.0,4.0,5.0,6.0,0.0,Yes fully
HH01343,1.0,2.0,4.0,3.0,1.0,Only some
HH01344,4.0,1.0,4.0,5.0,3.0,Yes fully
HH01345,7.0,4.0,3.0,4.0,0.0,Only some
HH01346,2.0,1.0,3.0,2.0,1.0,Only some
HH01347,0.0,5.0,0.0,4.0,4.0,Yes mostly
HH01348,0.0,4.0,4.0,2.0,3.0,Yes mostly
HH01349,3.0,0.0,4.0,2.0,3.0,Only some
HH01350,6.0,5.0,0.0,6.0,4.0,Only some
HH01351,5.0,0.0,3.0,6.0,3.0,Yes fully
HH01352,1.0,4.0,2.0,4.0,2.0,Only some
HH01353,6.0,4.0,3.0,4.0,3.0,Yes mostly
HH01354,1.0,3.0,4.0,4.0,2.0,No
HH01355,4.0,3.0,1.0,5.0,1.0,Only some
HH01356,6.0,4.0,5.0,0.0,4.0,Yes mostly
HH01357,6.0,5.0,2.0,2.0,2.0,Yes mostly
HH01358,5.0,4.0,3.0,0.0,3.0,Yes mostly
HH01359,2.0,1.0,0.0,3.0,2.0,Only some
HH01360,6.0,3.0,0.0,2.0,0.0,Yes fully
HH01361,3.0,1.0,1.0,2.0,0.0,Yes mostly
HH01362,2.0,0.0,5.0,5.0,4.0,Only some
HH01363,4.0,0.0,1.0,1.0,2.0,Yes fully
HH01364,4.0,2.0,2.0,6.0,2.0,Yes fully
HH01365,1.0,5.0,5.0,2.0,0.0,Only some
HH01366,7.0,0.0,1.0,1.0,3.0,Yes mostly
HH01367,6.0,0.0,4.0,1.0,1.0,Only some
HH01368,2.0,0.0,0.0,4.0,2.0,Yes mostly
HH01369,1.0,1.0,0.0,6.0,1.0,Yes mostly
HH01370,0.0,3.0,0.0,6.0,1.0,Only some
HH01371,3.0,4.0,0.0,1.0,0.0,Yes mostly
HH01372,1.0,0.0,3.0,6.0,4.0,No
HH01373,7.0,4.0,0.0,1.0,0.0,Yes fully
HH01374,7.0,5.0,3.0,3.0,0.0,Yes mostly
HH01375,6.0,0.0,3.0,0.0,1.0,No
HH01376,2.0,2.0,1.0,1.0,4.0,Yes mostly
HH01377,5.0,4.0,0.0,2.0,3.0,No
HH01378,3.0,4.0,0.0,6.0,4.0,Yes mostly
HH01379,2.0,1.0,0.0,1.0,1.0,Yes fully
HH01380,4.0,0.0,3.0,1.0,4.0,Yes fully
HH01381,1.0,2.0,5.0,1.0,0.0,Yes mostly
HH01382,7.0,5.0,2.0,1.0,0.0,No
HH01383,1.0,5.0,3.0,3.0,2.0,No
HH01384,2.0,2.0,1.0,1.0,2.0,Only some
HH01385,1.0,3.0,0.0,2.0,1.0,Yes fully
HH01386,4.0,3.0,1.0,3.0,0.0,Yes mostly
HH01387,5.0,2.0,2.0,5.0,1.0,Yes mostly
HH01388,7.0,3.0,5.0,0.0,1.0,Yes mostly
HH01389,3.0,1.0,1.0,2.0,3.0,Yes fully
HH01390,1.0,3.0,5.0,3.0,1.0,Yes mostly
HH01391,0.0,3.0,3.0,6.0,1.0,Yes mostly
HH01392,4.0,3.0,2.0,6.0,2.0,Only some
HH01393,7.0,5.0,3.0,6.0,2.0,Yes mostly
HH01394,0.0,4.0,4.0,3.0,2.0,Yes fully
HH01395,7.0,4.0,4.0,0.0,0.0,Yes fully
HH01396,2.0,4.0,5.0,6.0,4.0,Only some
HH01397,7.0,3.0,3.0,4.0,2.0,Only some
HH01398,0.0,1.0,0.0,6.0,1.0,Yes fully
HH01399,7.0,3.0,2.0,6.0,3.0,No
HH01400,2.0,5.0,5.0,5.0,2.0,Only some
HH01401,2.0,5.0,1.0,2.0,0.0,Yes fully
HH01402,1.0,,2.0,4.0,3.0,Yes mostly
HH01403,1.0,2.0,3.0,4.0,0.0,No
HH01404,6.0,1.0,3.0,6.0,1.0,Yes mostly
HH01405,0.0,0.0,5.0,1.0,3.0,Yes mostly
HH01406,3.0,1.0,3.0,3.0,3.0,Yes mostly
HH01407,7.0,0.0,0.0,4.0,4.0,Yes mostly
HH01408,3.0,2.0,1.0,1.0,3.0,Only some
HH01409,6.0,0.0,3.0,2.0,1.0,Only some
HH01410,5.0,1.0,4.0,6.0,3.0,Only some
HH01411,6.0,4.0,3.0,0.0,3.0,Only some
HH01412,7.0,5.0,4.0,3.0,3.0,Only some
HH01413,0.0,5.0,1.0,4.0,3.0,Yes mostly
HH01414,2.0,,0.0,6.0,4.0,No
HH01415,2.0,3.0,5.0,1.0,2.0,Yes fully
HH01416,0.0,5.0,3.0,2.0,4.0,Yes mostly
HH01417,0.0,3.0,4.0,0.0,3.0,No
HH01418,0.0,0.0,5.0,2.0,0.0,No
HH01419,7.0,5.0,,6.0,0.0,Yes mostly
HH01420,6.0,3.0,5.0,5.0,2.0,Yes mostly
HH01421,4.0,3.0,2.0,2.0,2.0,Yes fully
HH01422,6.0,0.0,3.0,4.0,4.0,Only some
HH01423,2.0,2.0,2.0,6.0,3.0,Yes fully
HH01424,3.0,2.0,1.0,3.0,0.0,Yes mostly
HH01425,7.0,4.0,5.0,2.0,2.0,Yes mostly
HH01426,1.0,2.0,2.0,6.0,2.0,No
HH01427,1.0,2.0,,5.0,4.0,No
HH01428,4.0,4.0,0.0,3.0,3.0,No
HH01429,2.0,0.0,5.0,0.0,0.0,Only some
HH01430,5.0,4.0,4.0,0.0,0.0,Yes mostly
HH01431,5.0,0.0,3.0,0.0,1.0,Yes fully
HH01432,2.0,1.0,4.0,4.0,2.0,Yes mostly
HH01433,0.0,2.0,3.0,1.0,0.0,Yes mostly
HH01434,0.0,1.0,5.0,0.0,3.0,Only some
HH01435,3.0,0.0,,4.0,0.0,Yes mostly
HH01436,2.0,2.0,0.0,3.0,0.0,No
HH01437,0.0,4.0,4.0,3.0,0.0,Yes mostly
HH01438,5.0,1.0,5.0,1.0,0.0,Yes mostly
HH01439,7.0,1.0,3.0,1.0,2.0,Only some
HH01440,7.0,4.0,5.0,1.0,4.0,Only some
HH01441,0.0,5.0,2.0,4.0,4.0,Yes mostly
HH01442,1.0,3.0,4.0,6.0,4.0,Only some
HH01443,3.0,3.0,3.0,6.0,3.0,Only some
HH01444,7.0,4.0,5.0,0.0,2.0,Yes fully
HH01445,4.0,0.0,3.0,4.0,1.0,Yes mostly
HH01446,3.0,5.0,2.0,5.0,2.0,No
HH01447,7.0,2.0,1.0,0.0,4.0,Yes mostly
HH01448,5.0,2.0,,4.0,0.0,Yes mostly
HH01449,7.0,3.0,0.0,3.0,4.0,Yes mostly
HH01450,6.0,5.0,0.0,1.0,4.0,Yes mostly
HH01451,7.0,5.0,3.0,5.0,0.0,No
HH01452,4.0,4.0,0.0,6.0,1.0,Yes mostly
HH01453,2.0,2.0,2.0,4.0,1.0,Only some
HH01454,,0.0,0.0,1.0,4.0,Only some
HH01455,5.0,1.0,0.0,3.0,2.0,Yes mostly
HH01456,2.0,5.0,4.0,3.0,3.0,Only some
HH01457,0.0,0.0,0.0,6.0,3.0,No
HH01458,6.0,2.0,2.0,5.0,0.0,No
HH01459,3.0,2.0,1.0,4.0,3.0,Only some
HH01460,4.0,4.0,0.0,5.0,3.0,Yes fully
HH01461,6.0,2.0,1.0,4.0,4.0,Yes fully
HH01462,2.0,4.0,0.0,2.0,4.0,Yes mostly
HH01463,6.0,3.0,0.0,0.0,2.0,Only some
HH01464,4.0,5.0,3.0,5.0,4.0,Yes mostly
HH01465,4.0,1.0,0.0,3.0,0.0,Only some
HH01466,2.0,4.0,5.0,,3.0,Only some
HH01467,6.0,4.0,2.0,4.0,2.0,Yes fully
HH01468,1.0,4.0,2.0,3.0,0.0,No
HH01469,4.0,2.0,5.0,4.0,2.0,Yes fully
HH01470,6.0,1.0,4.0,4.0,3.0,Yes mostly
HH01471,0.0,3.0,2.0,6.0,2.0,Only some
HH01472,3.0,5.0,5.0,2.0,3.0,Yes fully
HH01473,5.0,1.0,3.0,2.0,3.0,Yes mostly
HH01474,2.0,3.0,4.0,2.0,2.0,No
HH01475,0.0,1.0,5.0,0.0,1.0,No
HH01476,,4.0,4.0,3.0,1.0,Only some
HH01477,3.0,2.0,3.0,3.0,3.0,Yes fully
HH01478,7.0,5.0,3.0,1.0,4.0,Yes mostly
HH01479,6.0,0.0,3.0,5.0,2.0,Yes mostly
HH01480,1.0,0.0,5.0,4.0,2.0,Yes fully
HH01481,2.0,5.0,4.0,1.0,4.0,No
HH01482,1.0,2.0,1.0,1.0,1.0,Yes fully
HH01483,7.0,0.0,0.0,4.0,4.0,Only some
HH01484,2.0,5.0,4.0,0.0,1.0,Yes fully
HH01485,7.0,2.0,2.0,1.0,1.0,Only some
HH01486,0.0,5.0,2.0,3.0,1.0,Yes fully
HH01487,4.0,2.0,5.0,6.0,0.0,Yes fully
HH01488,0.0,4.0,0.0,0.0,2.0,Yes mostly
HH01489,4.0,3.0,0.0,3.0,1.0,No
HH01490,0.0,2.0,4.0,3.0,1.0,Only some
HH01491,1.0,2.0,5.0,1.0,3.0,Only some
HH01492,1.0,1.0,4.0,3.0,2.0,Yes mostly
HH01493,5.0,4.0,5.0,4.0,0.0,Only some
HH01494,5.0,3.0,5.0,0.0,0.0,Only some
HH01495,4.0,0.0,4.0,6.0,4.0,Yes mostly
HH01496,1.0,2.0,5.0,1.0,1.0,Only some
HH01497,2.0,2.0,2.0,2.0,1.0,No
HH01498,3.0,5.0,4.0,0.0,0.0,No
HH01499,7.0,2.0,0.0,4.0,4.0,No
HH01500,5.0,3.0,3.0,4.0,1.0,Yes mostly
